student_id,attendance_percentage,study_hours_per_day,daily_completion_percent,sleep_hours,screen_time,Academic Performance Change,breaks_per_day,app_opens_per_day,burnout_score,pass_fail,programming_score,math_prev_score,science_prev_score,arts_prev_score,daily_study_hours
1,75.7384054,4.35,74.11,6.809352144,4.993800836,Same,6,154,2.037343594,1,60.59970654,61.48821154,53.56811922,64.97229191,1.427202816
2,89.6027363,6.14,80.68,5.567793478,3.86297953,Same,13,71,0,1,92.28928685,85.61256506,91.87375899,89.04046072,4.813611518
3,81.49542557,4.98,79.69,6.70287496,5.428879937,Same,1,106,0,1,80.2596668,82.16065605,72.73606493,74.24366252,1.24090778
4,71.47204702,3.19,79.07,7.854438568,6.304842195,Same,9,107,7.227651179,1,72.92621663,75.97914536,76.72649645,67.71599457,2.19060111
5,64.27658206,7.67,65.4,7.662428899,4.903146307,Same,8,177,0,1,48.58102522,51.37997746,48.99322399,46.14501062,2.192264805
6,61.6243973,7.18,47.3,7.302930413,3.869207542,Improved,10,56,1.472916433,0,48.57969862,53.98360225,41.29194112,46.82009203,2.281605145
7,59.87697955,9.06,90.83,6.534113899,6.502918113,Improved,14,95,1.798278272,0,43.19459867,47.36420944,41.64855328,39.34461834,1.657147373
8,81.94717326,6.37,93.05,6.769044045,3.618190377,Same,2,117,1.939260927,1,87.63968802,89.93558841,83.87890599,81.1591047,4.132645724
9,71.63103495,4.19,69.13,6.949089078,1.534403021,Improved,13,134,3.535596075,1,73.06132565,72.71049709,74.6571982,70.78072151,1.489991448
10,69.68530294,7.28,89.53,7.848448592,4.628498228,Improved,7,82,0,1,78.94399178,70.63918711,85.64624401,79.85112488,3.539626637
11,57.22535835,6.38,99.15,6.841872221,5.896311941,Same,12,15,1.801036705,0,41.13214719,43.28023828,31.75628484,44.10729452,1.495384107
12,87.63941819,6.36,88.77,6.332073845,8.882606326,Same,11,32,4.321986481,1,93.34504187,94.3834803,93.92017226,90.5579266,1.28214255
13,76.15128739,8.57,83.4,6.330464147,2.894840311,Same,8,66,1.959027461,1,85.78434524,87.14223943,84.98368127,83.71935613,4.637718015
14,65.91773673,9.15,69.32,7.783154268,6.79850743,Improved,11,16,0.80047579,1,51.67865109,45.29490821,55.03535147,47.04515954,1.760515065
15,74.50152872,2.21,91.72,6.263300191,4.366103173,Declined,4,161,1.965026114,1,50.0003732,44.59509049,51.06635634,49.84317734,4.285000618
16,70.1589068,3.48,92.99,7.034567936,6.637390204,Declined,4,180,4.076878587,1,50.08724804,55.35301231,46.32740138,45.84510487,3.178523484
17,76.58436923,6.68,95.22,7.623604111,4.677631817,Declined,12,128,2.985975776,1,56.73332336,56.53554759,55.13805368,59.59896243,1.311426078
18,76.38644125,5.79,93.31,7.640706891,8.135045085,Declined,1,138,0.733418873,1,68.86160374,72.26910723,64.88147446,59.93227128,4.821792766
19,77.71603713,6.7,94.81,7.918503157,8.48847403,Same,2,157,1.385459912,1,63.75697603,63.89856791,69.13701172,61.95882766,1.987844668
20,64.3889777,4.61,72.37,6.942715158,6.731430153,Same,3,137,0,1,56.01760271,56.16638341,56.12416095,57.52313941,4.438581381
21,73.60425327,4.42,88.48,6.968583198,5.149712258,Declined,13,160,0.649309942,1,73.65190921,78.34332824,83.15786264,74.57108179,1.675240023
22,50.14038014,1.62,82.98,7.289643714,5.522189333,Same,4,180,0,1,47.67216234,45.09193869,47.36885827,61.13733066,4.415771529
23,73.9647052,6.42,100,6.502991719,3.806835238,Same,2,77,0,1,56.06795567,56.54855955,52.52592183,57.81695579,1.052915252
24,77.77657059,2.17,80.8,6.583209636,6.943722161,Improved,3,82,3.279220158,1,60.14990138,57.83852494,52.58132942,55.1296284,3.047121826
25,69.77603834,6.87,63.11,8.044237856,3.909316973,Improved,3,28,1.474802832,1,65.08384913,62.91136799,56.06815075,64.6065279,4.077770318
26,80.32258041,9.69,95.18,7.091133048,6.747269359,Declined,10,158,0,1,83.18467788,81.63881726,75.26399816,74.30344621,4.73918207
27,61.72171844,2.94,89.46,7.114995085,3.886426153,Declined,9,25,0.397594742,1,50.98205802,52.09272688,52.31769127,50.57905927,4.636808545
28,76.05471481,1.85,59.24,7.237347512,7.305608787,Improved,4,56,0,1,68.28289411,65.889151,70.82651923,64.11761383,4.278499478
29,81.91606337,0.73,58.66,6.713929945,2.607558193,Declined,13,42,3.330786944,1,72.58280129,78.86158192,64.67684778,77.15975267,4.552765399
30,52.56352648,4.1,100,6.802224034,3.862292338,Same,3,99,0,1,42.5547727,38.08173619,47.02996427,39.80707133,1.796878743
31,78.75467608,2.54,93.67,6.717548478,7.805898472,Declined,6,60,3.686611964,1,73.41496685,72.48060863,70.9996616,72.83113728,2.136737183
32,63.30605454,5.17,66.76,7.438306957,7.557771741,Same,5,162,0,0,49.3788268,47.18017151,50.11279186,46.2010376,2.1558741
33,62.35589077,5.48,93.38,7.079406649,1.967389496,Same,10,99,4.803289264,1,43.57783761,50.81272704,51.63894076,52.27209437,2.508215724
34,88.38932228,3.82,62.68,7.877251019,4.621750672,Declined,6,112,1.680845137,1,92.18870455,93.17147843,96.67290113,90.58249072,2.573282682
35,85.61386872,7.62,100,6.91691589,3.917211357,Declined,14,128,2.423411704,1,93.10976182,98.26898452,91.76710858,102.272547,3.178221299
36,81.71299281,9.1,70.02,6.934415719,5.916742702,Same,7,94,2.390811885,1,84.46185415,77.03405228,80.00589302,88.53261296,1.639519053
37,67.30750281,2.51,44.64,5.891390597,3.849091872,Same,14,64,0,1,56.7537573,58.08900863,45.9946803,59.16409094,3.764986655
38,67.53756414,8.44,60.32,7.707794643,6.541764988,Same,13,71,0,1,45.37196627,49.82012025,41.77619967,47.21563201,1.670266157
39,80.91020803,1.75,60.48,7.969965153,2.848808242,Same,1,167,0.765511119,1,77.63281646,78.0442364,76.57716526,79.60180295,2.241233928
40,73.20711127,2.67,53.92,7.408461402,3.276087001,Improved,12,175,0.510283671,1,64.20838716,69.53578903,59.27248952,54.57002426,3.013380522
41,57.00129285,5.83,81.52,6.723277239,5.093180665,Same,5,69,0,1,46.71210292,44.12566067,46.05581808,45.31768595,4.185762246
42,71.72446631,3.41,76.91,7.264841795,4.651003132,Improved,14,162,0.944374705,1,67.23473006,74.28146726,67.61898947,71.46051991,3.957876933
43,65.43903013,0.9,93.86,8.072004067,5.577978859,Same,12,126,4.632399583,1,41.89136866,53.38585928,40.76708875,41.64688274,3.582137426
44,85.19479392,3.3,68.16,6.562365498,4.624569698,Improved,2,159,4.477867397,1,90.01262211,88.19842931,86.76260921,82.98667288,1.623093042
45,70.41410684,9.1,66.29,7.096654315,3.816433623,Same,8,86,3.025874302,1,54.23289899,52.00538638,55.07617235,53.97087674,3.188181382
46,87.05192182,2.16,91.98,5.965383238,4.094062192,Declined,5,25,0,1,76.43872564,83.70564803,78.64842889,84.95925322,1.349786007
47,73.76508494,7.76,60.26,7.303131542,5.421577288,Same,11,109,2.059902008,1,57.14410918,65.04196991,51.6921138,63.37856776,2.509452707
48,74.76766227,7.36,93.36,6.838788602,3.519358145,Same,14,65,0.676358384,1,68.60374116,65.98944103,75.65840306,68.29372112,2.654066121
49,72.47958683,1.51,79.47,6.022549878,1,Declined,1,151,0.647385594,1,70.06906536,67.96813128,69.5761247,74.82631175,1.159245758
50,52.31574955,3.63,81.12,7.194904825,7.160575717,Same,11,54,0,1,50.16699505,48.75807201,50.26124317,48.33445995,2.095952398
51,85.82165265,2.3,72.23,6.24034491,5.519165912,Declined,11,130,1.276201795,1,93.32715453,86.60490197,96.86822664,84.80779659,4.822597869
52,79.68609016,0.72,82.57,8.079296668,2.853387469,Same,11,167,1.130570906,1,82.63230528,78.03904555,83.79838594,78.00997534,4.814530431
53,87.78805186,2.14,64.32,5.893905741,5.130769653,Same,6,129,0,1,91.67244179,86.65173795,96.43812496,99.48688563,2.409308217
54,83.838226,2.41,78.54,7.835434596,1.630804332,Same,13,155,3.591353002,1,89.21550427,85.37651645,90.6511251,87.84553886,1.172400436
55,74.84032412,2.08,58.02,6.097878921,4.321234599,Same,4,62,2.206274547,1,72.88449883,72.7110744,69.82231196,71.66757894,1.716379757
56,76.45454681,1.37,30,6.041043575,3.551819583,Improved,5,18,1.982792176,1,90.70308293,91.87415659,92.51060055,89.20389194,2.568871174
57,57.73370466,5.5,84.07,6.618952003,6.302048737,Declined,6,161,2.311103005,1,44.86708761,52.61959008,39.14845658,54.38777056,4.791118792
58,67.77278392,3.57,75.34,5.865367915,7.857245989,Improved,14,176,2.131167859,1,50.77905743,45.78728723,51.32185596,58.90885201,1.564796254
59,69.8232886,9.13,67.24,6.835263357,5.109731692,Same,9,112,3.411786004,1,42.48750089,47.40911288,42.32135094,53.58140206,4.054063375
60,68.45895718,2.28,77.24,6.313692374,5.138388925,Same,13,35,0.298823497,1,57.89316819,56.82322397,56.85258391,57.09794214,1.434730157
61,72.32768083,6.23,38.62,6.643075973,3.279334673,Same,4,131,0.58350824,1,61.37725093,61.12993238,60.73456338,62.85537338,4.92503031
62,72.22448916,9.06,87.48,5.802567832,3.63203601,Improved,5,93,0.118167757,1,54.92419675,58.29829421,45.51495152,47.340984,2.526465996
63,78.73581182,0.95,100,6.725948732,4.372492287,Same,1,168,3.074923635,1,85.580563,79.9669529,82.83693846,92.96523513,4.100938156
64,71.6447867,5.4,78.77,6.44967212,2.057812447,Improved,14,83,3.468883589,1,59.62143297,61.5334817,60.08565747,53.78253521,2.370364331
65,64.02324848,4.78,84.4,6.438729579,1.19214945,Same,6,100,1.868279718,1,55.45139803,56.28365907,56.25067999,56.53527585,3.510675509
66,79.24826448,9.32,88.33,6.86344172,1,Same,8,79,2.164558362,1,69.84828457,72.31054089,64.70990887,64.36177194,1.768064339
67,64.63243143,6.81,78.37,6.26136065,5.934506118,Declined,1,83,2.445782677,1,47.75083237,49.19667559,54.07937158,44.80649824,1.584084077
68,83.55267604,3.82,98.27,7.70150616,1.119997516,Same,6,119,7.300218724,1,84.12083394,96.39733464,79.7899597,79.93452179,4.752256558
69,58.13714971,7.26,83.99,8.576877412,7.413438418,Declined,14,77,5.704894223,1,44.1002854,40.91158548,48.94757141,41.0609091,4.670589112
70,90.67455255,6.04,96.82,8.733845094,6.435394405,Improved,6,144,0.755732746,1,94.27878151,91.62379674,96.41475332,91.583168,4.549875761
71,91.66029576,3.8,69.26,6.980999316,3.700266783,Improved,11,131,3.152826864,1,82.47346231,79.35775968,79.24232576,79.73211834,3.501733801
72,60.42512277,7.96,76.56,7.524162142,3.205697665,Improved,2,53,0,1,50.92936248,48.15197689,59.80591695,55.09603204,4.233072845
73,58.45306318,6.85,86.24,6.136959322,8.185675179,Declined,10,34,4.451803562,0,40.30371644,37.11678081,34.33553228,34.77940248,1.276147748
74,83.58322665,0.55,83.93,6.980394834,5.508256999,Same,12,139,2.016980156,1,84.85037857,90.79546122,89.44614943,85.9530857,2.339156168
75,83.37060802,8.72,83.64,7.562705696,2.024834381,Declined,6,40,1.643449925,1,78.87715391,85.97967515,83.8800655,84.96694967,2.254812499
76,77.24996569,4.27,96.27,6.779758868,6.033065107,Declined,9,61,0.847502132,1,80.09539424,77.24166277,76.7422932,77.52941242,3.542581288
77,67.04478308,6.63,71.54,8.118317073,1.981878959,Same,13,88,3.900253827,1,82.41986907,78.2580912,89.38219557,78.83027461,2.423831094
78,68.83217539,4.27,70.7,7.500825363,4.529950403,Same,13,138,1.984542371,1,44.07245585,46.42953363,42.82222327,42.91983272,1.594027127
79,73.66033813,8.87,64.52,6.307873137,6.16058461,Declined,13,27,0.166636048,1,59.71561507,56.95449985,61.15908322,65.61424111,3.385868302
80,54.47166148,6.68,71.18,7.0816427,5.875446519,Same,13,50,3.934077106,1,46.37279827,49.53745736,47.67440747,47.34333643,4.257535683
81,80.69750025,6,80.65,6.027265541,6.220491813,Improved,10,66,0,1,87.47068842,88.48530353,86.79914472,84.81461695,2.528493978
82,84.98161064,9.81,58.58,7.986018184,1.473487967,Declined,1,44,3.486724448,1,74.28139698,66.7026764,78.33543834,76.70078023,1.52907486
83,76.33867778,3.17,83.81,6.314261937,6.704844535,Same,14,46,0,1,58.19939137,65.93691737,62.16683497,52.68793062,1.786752789
84,66.44105475,1.12,100,6.794508894,3.127809286,Improved,1,71,4.947650825,1,43.49570927,52.47509763,34.7530494,46.90250682,1.949933221
85,67.67145168,5.4,91.32,6.90306238,5.211002026,Same,12,152,4.905916096,1,57.10402769,54.04008424,63.62572891,59.14706423,2.199590372
86,69.35747845,4.53,100,8.062460998,3.803808367,Improved,13,23,2.507206052,1,57.88508271,55.94657491,49.57262277,56.34604036,3.571180282
87,79.40954088,4.82,82.33,7.196101234,2.880294481,Improved,11,85,2.510046764,1,80.12833981,81.55766676,85.29107083,75.93541082,3.403781938
88,83.17402938,6.39,62.81,6.562099941,3.059350965,Same,1,159,2.552403627,1,75.06566092,76.73794487,80.69918661,70.63225631,3.784319446
89,80.01913839,6.34,80.29,7.221841859,4.234820223,Declined,4,153,2.915942061,1,88.79670084,92.08942221,83.34186869,91.47078752,2.450007938
90,68.95691217,4.23,84.04,6.205191154,2.680494354,Improved,14,122,1.02272358,1,65.97182088,76.02284358,63.91774944,72.1167234,4.295990608
91,68.3402147,8.7,84.05,6.646564785,5.923543241,Improved,10,148,0.730275127,0,46.57768353,45.69294739,41.04916018,43.39114479,1.816350645
92,79.39242437,6.69,73.98,6.928673525,5.022079388,Same,14,170,1.996455008,1,79.2284633,75.23697707,78.15385815,81.52039682,2.87616299
93,87.81392561,8.95,100,8.457024698,1.048448141,Improved,3,156,1.920271787,1,81.84317767,74.94658153,80.30300625,71.40804258,4.203754886
94,72.0775619,9.17,100,6.388162456,4.022482707,Same,4,80,5.459370867,1,70.87024587,67.21559567,74.76854853,67.94715721,1.720634591
95,80.92770565,2.09,63.52,7.44241353,1.95443203,Improved,6,158,0,1,82.4031949,82.23756003,88.95473863,82.24790023,1.439452455
96,68.96731398,6.97,95.8,6.222730304,7.057709996,Improved,10,144,2.950994487,1,67.1587578,76.13154712,74.13717685,62.61034072,4.534735871
97,74.41196622,3.52,85.15,6.047072077,5.133156345,Improved,14,158,2.670052136,1,68.75030562,66.16224912,65.93946548,64.06777374,2.371718651
98,64.36464332,8.45,100,7.640552239,4.937139144,Declined,10,159,3.597516826,1,63.51475601,64.63369577,62.46864664,60.17585823,3.7354805
99,58.26085888,7.46,94.69,7.498928572,4.227320843,Declined,11,160,2.384478316,0,41.39805197,41.31593749,32.98086101,42.85901561,1.101394417
100,55.78574492,2.39,76.53,7.513821108,4.964266535,Improved,1,70,1.864900218,1,45.93402848,51.87599485,41.90467815,44.99738339,3.760187554
101,64.33391877,9.42,81.71,6.12069552,6.15189957,Declined,5,29,1.901484731,1,41.72860521,54.36326734,46.55286338,30.53744905,2.264405246
102,81.08423301,6.99,76.61,7.716331027,5.831121815,Declined,10,73,2.836223818,1,75.00257262,72.34822875,83.08048674,64.39907186,1.222963414
103,59.99347583,9.51,94.86,7.247241755,5.882842629,Improved,1,178,0,1,57.28957896,54.84238175,51.1178346,54.25525307,3.439251046
104,80.65512273,2.42,91.01,8.254905242,6.716963056,Same,8,42,1.638492614,1,67.97138801,73.1921924,65.00906672,70.25982094,1.963215264
105,97.44515367,8.76,80.57,5.596172435,4.95079533,Same,14,145,1.339829209,1,89.91615607,93.32561351,89.78412728,76.17863185,2.547228968
106,67.08556824,6.85,67,7.173376064,8.206421437,Same,5,175,3.215183226,1,53.7110726,62.94460923,55.1118784,51.21242172,1.322323249
107,68.07995908,5.75,69.47,8.389814233,2.837204838,Improved,10,105,2.037391132,1,62.57106077,65.49070169,58.52304317,59.93982148,1.588653004
108,94.89930926,8.29,82.45,6.48970431,3.570951981,Same,8,144,0,1,81.55531262,79.75885217,83.67561784,88.49700151,2.191908942
109,59.69710706,6.51,48.92,6.739644864,5.45802411,Same,6,102,0,0,52.5838991,55.53717326,50.21470237,50.65879004,1.359038002
110,62.21747985,6.86,83.5,6.559747763,6.453643389,Declined,14,119,6.57835178,1,44.23389504,49.77741294,44.16163369,46.14883996,4.643305059
111,68.86627632,2.91,84.76,7.244388242,5.355127188,Declined,8,53,0.960967504,1,55.93632991,60.03874082,58.66775115,56.64261561,1.024188173
112,71.1593235,8.26,100,6.365464131,3.72880058,Improved,13,47,1.601784529,1,48.8671708,51.40354095,48.89928215,38.2143384,2.935440875
113,87.36538032,6.68,66.96,6.520817273,3.235744801,Declined,6,72,2.2212364,1,91.13337088,96.46674433,88.95144143,94.97440696,1.492989833
114,79.73014096,8.52,82.68,7.213773228,4.740726131,Improved,8,173,0.753117458,1,84.44662088,90.29309883,83.89857186,85.5236034,2.230716358
115,72.66268145,3.84,74.17,7.27219718,2.629344662,Improved,10,87,0.792203517,1,74.83720661,81.74800156,74.39539181,77.37854981,4.704238239
116,82.25605713,3.65,66.39,7.268218083,5.253910817,Same,1,87,1.452900813,1,87.93033246,91.1738819,86.08027731,107.561521,1.646778213
117,77.06634531,0.73,71.56,6.407836938,8.514076033,Improved,14,147,2.418504044,1,84.20196423,83.36637383,82.90798392,73.78139953,4.863329279
118,65.36980322,7.8,60.73,7.891868478,2.910166491,Same,13,104,0,1,50.26135324,50.99492167,58.25458909,58.88483649,1.823177508
119,81.72439156,3.64,91.4,6.603571997,5.836982293,Declined,6,100,5.218369869,1,89.09074492,95.12328975,91.89534216,87.65350732,3.966264434
120,67.36172269,3.61,82.47,6.739928023,3.570750425,Improved,11,53,0.99660605,1,69.66382331,65.57914495,68.18642172,71.10046783,3.18670906
121,88.48033321,7.04,78.94,5.963465842,5.506357421,Declined,1,142,4.735934969,1,84.40920853,86.25257508,87.89398056,84.18164731,4.53791491
122,82.15414813,2.9,100,7.205929178,7.860663524,Same,11,107,1.16138474,1,89.2850215,87.31832743,87.61592405,87.16383983,3.215973022
123,62.40441154,9.14,90.78,5.727115282,4.484506141,Declined,8,76,0,1,57.49019112,57.63391524,63.35581431,54.64102648,3.138236877
124,62.18513225,5.61,68.93,6.097640715,4.407935559,Declined,5,137,1.878434496,0,46.05285585,52.44511516,47.90106681,47.70039953,1.781832001
125,66.6100748,9.71,47.3,7.036366826,6.260838872,Declined,13,154,2.522606607,1,52.53643394,53.49192928,51.99992322,44.95056546,1.664917448
126,63.01313056,1.23,65.64,7.55696545,5.494933674,Same,4,127,4.792565531,1,63.49092837,63.72311112,65.729513,67.24382421,4.665956604
127,84.1536444,3.7,76.82,4.819686227,8.235019934,Same,3,169,2.146002825,1,84.99081213,78.19153142,77.13643137,82.9098401,2.311352795
128,78.4343032,4.12,98.94,7.231195636,4.33144578,Declined,6,104,3.900717139,1,87.34018208,91.07144991,81.70634473,81.68983538,2.48832902
129,68.74632764,7.44,74.75,7.907681142,1.841336185,Declined,14,51,2.851348531,1,40.38236718,43.60978808,34.41274215,38.13230289,4.039294634
130,76.66535338,2.52,82.07,6.980651127,3.798984172,Same,8,130,3.269514624,1,68.09110164,78.90737526,68.80581712,74.37684773,2.35529393
131,69.47930264,4.07,91.53,7.634312033,5.733019381,Declined,11,62,3.822069447,1,62.95760517,61.418714,71.62018017,60.28092974,4.808249787
132,62.38212594,9.15,76.85,7.727015898,4.487964967,Same,3,33,2.237219216,1,52.21592958,53.31168121,63.37243031,54.00819767,3.951711076
133,62.77145906,1.59,78.64,7.036139443,6.239956569,Improved,1,178,0.307901227,1,46.5925952,47.83951362,49.78285071,42.93781382,3.38971697
134,72.34837092,7.58,78.22,6.156136706,7.22640423,Improved,14,48,4.399270493,1,58.56883443,66.45610083,61.0730568,62.35844368,4.523580642
135,85.80254621,7.17,84.18,7.137328292,5.887067836,Improved,7,33,0.486314303,1,91.86003372,91.38355605,82.85474504,95.28757241,1.198423633
136,67.80228659,1.74,72.63,7.05554298,5.144209411,Declined,9,54,5.132486482,1,57.77616126,59.17126889,55.06279226,67.01920543,2.028250769
137,74.55859355,7.04,63.25,5.989950762,5.0418903,Improved,10,175,2.936125204,1,68.5334842,71.57296674,64.59456544,67.65566447,2.860145337
138,76.31372671,5.91,85.07,6.393139673,5.202849666,Improved,12,22,0,1,78.66604274,79.59908836,75.56180475,82.00931676,1.907914158
139,68.28378443,3.23,61.42,8.444629987,5.432016364,Declined,12,138,0.464303398,1,59.99962813,57.76746006,59.15890904,60.48996583,3.975620749
140,76.29504508,3.46,87.48,7.927280094,6.647169032,Declined,14,95,6.632176112,1,93.44801455,94.41846451,91.08756166,99.92737346,4.676832124
141,91.33593177,8.41,92.32,6.828119254,4.459028727,Declined,3,39,2.120017346,1,92.93460122,98.30275997,83.03810217,89.34043928,2.69508048
142,68.41800204,2.69,87.84,6.033284628,3.866875487,Same,7,142,1.351982803,1,53.84802627,48.71544977,57.58757755,57.57305283,2.3685304
143,69.80705469,5.37,91.37,7.106855484,7.068772601,Declined,9,135,3.709946347,1,67.34866782,68.01351619,61.9849527,66.37518134,4.846202929
144,77.76782843,6.97,41.95,7.562371406,6.309428083,Declined,12,107,0.995049822,1,56.54830704,53.04770297,57.74454136,56.22736615,2.779409731
145,68.268196,1.73,58.88,7.199765581,4.985741994,Same,5,101,0.649708561,1,55.66622719,61.64146034,66.03664054,56.12498961,2.956193602
146,55.83367319,9.36,58.54,6.178128933,5.113026866,Improved,4,131,0.055323458,1,42.0287821,34.41284758,37.43185915,43.28998409,2.406599489
147,81.04670629,2.98,77.73,5.429622351,5.982250645,Improved,11,145,1.984043663,1,73.52603837,70.73142913,60.87460076,72.94489315,4.638193892
148,75.81391422,3.53,84.62,6.886379854,1.666627323,Improved,1,176,1.792777603,1,67.64734628,69.53340565,66.21732517,68.72091219,3.275821933
149,63.38856559,6.83,61.9,8.055475419,5.790965647,Declined,8,77,2.706409212,1,42.83133132,50.65895146,48.33612949,50.72192161,4.048698349
150,65.53399974,1.24,82.15,6.136263428,7.719185947,Same,1,30,0.845504903,1,55.32555553,54.99680423,65.1172928,60.25280396,4.247226873
151,87.22979048,6.46,72.35,7.440867605,4.119192606,Improved,12,179,0.489523589,1,89.95462373,87.17862609,83.80687576,94.30039669,2.367396168
152,65.27916054,9.2,53.98,7.653785943,5.815000414,Declined,8,140,4.307826828,1,53.17590399,62.58168933,55.6594001,50.89820636,2.734777325
153,66.76431624,2.87,84.86,6.4479914,3.129032393,Same,5,25,0,1,47.96921797,40.72914846,45.64266568,43.52301382,4.393887098
154,63.93522864,3.94,89.21,7.102057335,5.200603197,Declined,6,50,0,1,66.91990182,55.92587203,66.39016004,71.69640461,2.453021407
155,84.93602017,2.71,91.29,7.504991156,4.618686728,Same,14,50,2.081903757,1,94.21077498,96.41084723,107.4324917,98.59100894,4.175740534
156,75.26729546,8.28,86.91,6.090442768,7.810986938,Improved,3,37,2.027378218,1,53.31303993,50.80276881,45.79818829,60.67639331,4.76396929
157,74.64839028,2.09,85.19,6.678658835,6.24630501,Declined,9,89,0.366926213,1,76.96745511,71.86129102,78.23615341,73.94755198,3.492841492
158,77.92534793,3.79,61.83,5.208272622,4.33396397,Improved,8,134,4.050848201,1,81.88907884,85.43086108,84.2275447,80.74133557,3.96650915
159,64.29522577,6.21,69.17,6.838992781,5.12891944,Improved,5,64,5.05707031,1,53.07006492,54.28906849,58.49899654,44.87264411,4.220389248
160,73.95191891,4.34,59.02,7.174906256,8.186266606,Same,10,16,3.191820437,1,80.05189917,77.23150602,80.54181494,78.08954364,4.380158596
161,59.07263227,1.12,68.2,7.488772663,1,Improved,3,45,2.283758924,1,60.2280723,53.82655031,61.768325,65.21092485,2.580213351
162,76.23547835,9.5,31.26,7.00570535,1.751857768,Same,10,54,3.622722499,1,74.77682068,79.13910732,72.81857785,72.44434379,1.205053837
163,78.10136417,3.71,100,6.798761544,5.436872092,Improved,13,167,2.863179498,1,74.84413409,78.09513998,76.1897688,78.04653307,2.607505085
164,74.47127847,4.73,94.84,6.698145339,4.625769922,Declined,7,148,1.843376735,1,69.46760762,68.97172831,67.75164625,68.51509209,3.695024919
165,61.75857587,2.09,82.66,7.063318808,3.428158314,Same,10,133,4.395109053,1,44.96593735,54.19912233,48.0737968,46.58622249,2.801401543
166,83.18602298,8.72,67.48,5.181611829,4.654428219,Improved,1,32,2.212536736,1,85.94163726,80.59121343,84.09358558,80.20318031,3.995852603
167,73.93565914,3.27,77.56,7.101920932,5.14108002,Declined,8,112,2.044551533,1,57.64290357,50.01527772,59.52840554,58.06895082,2.427929718
168,64.17702811,0.69,100,6.444539379,3.447560903,Improved,12,72,0,0,50.25851807,46.79897772,50.112204,35.30283822,3.538976564
169,58.25090351,3.51,80.32,8.004324589,6.354709998,Declined,1,43,2.643012382,0,42.24263279,42.0147027,47.87288404,41.30815199,1.745679219
170,74.84392851,9.85,82.88,6.785762764,5.879986458,Same,7,26,4.890268263,1,72.49911188,73.71580912,72.24214326,64.34674566,3.997477747
171,81.52975375,1.9,78.84,6.723547051,6.51893755,Declined,4,97,4.085210509,1,77.2660399,76.05985961,68.40087756,83.29601248,3.182783875
172,67.51629969,0.8,90.17,7.942666411,5.238602967,Improved,6,157,2.990486515,0,40.91233059,42.67260757,47.22193809,44.79936735,1.816257554
173,70.94184041,5.99,81.18,7.950796084,1.161012515,Declined,14,91,0,1,68.16511821,61.90742109,63.6364567,70.49847312,2.167644694
174,66.72330275,4.03,100,6.957735231,8.685755085,Declined,4,35,0,1,52.45726764,59.67609066,49.18843594,60.06229877,3.994434834
175,79.43403895,8.05,65.82,6.637029229,6.045064806,Same,13,158,0,1,75.48450347,75.07374758,72.506197,70.73992087,2.930404943
176,59.83218676,7.45,70.77,6.177560217,5.802896019,Same,12,169,0.668207231,1,49.5901536,55.17663275,56.46234406,58.32696958,1.864125762
177,79.10287363,2.26,88.89,7.590996706,5.424178702,Improved,7,40,0,1,78.0015756,79.71520233,67.32320453,82.66253342,4.869084761
178,63.30685274,5.86,31.2,8.161570088,7.169112676,Declined,10,164,2.705076253,1,61.27044405,63.55421014,76.95918671,60.08766761,3.860500079
179,76.91482317,0.81,70.6,6.43717482,5.239330727,Same,4,80,0,1,91.52014938,94.36898578,96.80043343,97.19825012,4.82853933
180,65.615558,4.68,90.13,7.273680312,4.80313584,Improved,5,30,2.084262469,1,47.56365193,49.80219473,48.6798465,42.03218437,2.708420181
181,67.45995095,7.28,86.03,6.251239231,2.672208578,Same,11,30,0,1,58.75864931,61.97226311,58.4841793,54.6360785,2.900401363
182,64.13192387,4.44,83.8,5.853627508,4.543149156,Declined,1,19,0,1,46.24104367,52.88680632,47.66881404,43.19809505,4.591820865
183,85.33959962,1.62,88.81,7.449115537,3.857625113,Declined,11,116,0.158881115,1,90.85814901,91.84075485,93.46376115,88.21326047,3.100197361
184,79.24483197,1.08,96.71,7.195561578,5.546383143,Improved,4,38,1.737471022,1,88.25366444,91.79868322,91.47974237,82.97087622,3.829115648
185,66.86712325,8.61,100,8.121746667,1.696761898,Same,13,39,2.527383102,1,54.18678952,53.73811105,56.96481185,60.30220486,2.00869151
186,71.98405474,8.97,100,7.052655095,4.447729794,Declined,1,23,0,1,76.29912253,83.49970861,76.74702594,75.00485053,2.786905875
187,89.4284723,3.76,93.56,6.459886881,5.714370028,Same,3,160,0.40634666,1,84.94722101,81.5652595,83.96052891,86.70974585,1.493799463
188,68.48817059,2.06,91.03,7.559446888,1.686402088,Improved,4,126,0.379376956,1,70.53604464,79.5407468,69.77967822,67.68428781,1.823920144
189,73.58646455,9.8,91.07,6.267488507,5.131172112,Same,11,125,0,1,69.13078181,68.92999206,68.15624041,60.02776531,1.003773661
190,61.43958006,5.69,74.15,5.963670336,6.818807872,Declined,12,54,2.841864525,1,53.301876,46.14800049,58.97072648,54.65216279,1.157060207
191,65.41243198,5.03,76.73,7.166152914,4.129195931,Same,5,129,5.562186052,1,45.12065223,45.7611743,48.08843584,35.55937735,4.909135293
192,83.01627649,7.55,100,7.183658224,9.378643996,Same,1,120,4.463987101,1,89.34686669,85.9416084,74.64492351,89.00369646,1.969414781
193,82.16816297,2.1,81.52,6.517169,5.285213378,Improved,12,122,1.825823717,1,89.52299314,93.72621089,92.80249703,82.68141795,3.653242838
194,81.6762978,6.01,84.7,6.812413225,5.75639479,Improved,6,173,3.899793709,1,74.82058015,71.55746025,75.79426112,84.75696015,4.356398795
195,69.47047221,8.96,81.5,6.685226833,3.954846529,Improved,14,96,0.899291901,1,58.64663851,56.41572134,58.55309473,63.20345212,3.202641837
196,72.18648553,0.72,62.31,5.906476783,4.647341711,Declined,10,61,0.849575561,0,59.2065266,49.75882295,57.26393434,59.73529556,1.612578
197,75.05715149,6.89,82.14,7.476263553,6.187225277,Declined,6,142,0.779093468,1,79.92756234,77.66603074,85.54812594,86.24609573,3.912465749
198,77.64644743,5.74,64.54,6.922295604,5.247356159,Declined,3,151,0,1,89.3410643,77.22166766,94.07869661,85.10948441,3.40100564
199,84.93091648,9.53,72.99,6.952750297,6.356848972,Same,13,180,1.71448107,1,88.78975333,80.87023922,84.925365,91.50715023,3.925002357
200,79.85234573,2.96,65.85,6.383553475,7.035115511,Improved,10,71,3.305121596,1,82.89315502,86.6952283,84.92841646,83.89220719,4.078986491
201,80.78804363,8.66,77.88,6.673779183,7.20443645,Declined,4,51,2.24675878,1,75.31174054,79.24074133,70.45345687,76.63184095,4.901641471
202,61.91430677,3.44,57.71,7.12469916,2.473681549,Improved,12,44,1.316091227,1,44.62769807,46.75498588,37.72960725,50.98946558,3.29425312
203,65.47016633,4.58,95.3,6.453816368,8.332762365,Same,7,118,0,1,48.88957928,44.05469856,45.75599315,52.55203979,2.366564451
204,76.59332753,2.53,86.54,5.989097695,4.261952985,Declined,12,31,5.650038188,1,89.42048037,89.18192359,93.73244773,90.86409868,3.593858228
205,86.11898384,8.7,74.9,5.417151511,6.729910303,Declined,8,114,0.926789642,1,73.35359828,73.33558559,78.11922351,65.0791611,1.273762837
206,59.43170899,2.36,46.54,6.695873432,3.017004339,Improved,9,49,2.506637065,1,40.50583784,34.71401439,43.07126494,35.70560636,4.589589273
207,66.27840228,8.66,72.16,6.821952682,3.430937401,Same,3,139,0.600239744,1,45.58093486,53.09792637,49.20641379,44.96739019,1.477524045
208,74.0658403,4.83,76.54,6.215097621,6.423794497,Same,4,139,2.366364126,1,76.4925973,80.87940875,79.07348874,76.95945917,2.311371352
209,61.67924307,8.43,81.91,7.090044944,7.126771991,Declined,11,71,2.297315321,0,40.27838711,39.17356624,37.07097914,34.62736849,4.262981523
210,57.9079976,3.01,61.55,7.473147129,4.6233585,Same,3,154,2.574333594,1,48.84444283,48.97887202,51.00405555,60.90282621,3.389249513
211,77.3505184,1.76,78.08,7.103708875,3.954980798,Declined,5,130,3.726741585,1,70.18035842,71.22227245,74.18240604,77.76232869,2.574542081
212,77.24724751,5.77,85.46,8.238627948,5.626437555,Same,10,172,1.074185338,1,78.05423587,67.84556153,81.82569252,81.06482748,2.893742638
213,78.07488716,5.34,81.41,6.659391364,3.223482886,Improved,9,83,0.481617954,1,75.85786927,74.62198236,81.80243613,76.21805358,4.418189573
214,69.65727616,3.89,100,7.152017577,4.63688463,Declined,5,97,0.332908741,1,52.33481202,48.92489078,55.87633126,51.27376717,2.360017544
215,73.42222703,6.8,96.11,6.208076152,4.311693352,Same,13,146,1.498340878,1,79.16985717,74.16175712,80.92709821,74.41026487,4.478598739
216,63.10189125,1.4,94.94,7.489199054,8.151917089,Same,2,106,0,1,53.04869981,51.64319835,58.399451,53.4361024,1.352537724
217,71.2351131,6.41,68.29,7.289754393,6.907481379,Improved,2,139,4.682617921,1,57.8969834,66.88541603,57.7643771,59.1857461,4.107193749
218,91.01962101,2.51,83.03,6.765546129,6.443697193,Same,7,66,3.114602153,1,81.05702728,84.26124159,76.64765403,74.8482244,4.390190532
219,77.17449305,1.73,60.33,7.1761105,5.195225588,Improved,6,175,5.29565277,1,75.72980945,72.8739145,74.91447463,77.40069153,1.727270611
220,86.30932438,9.14,88.99,7.113415109,5.299741171,Declined,1,128,4.807773546,1,86.70728758,89.57020148,82.98277435,85.93099233,2.721386129
221,77.54949719,4.87,88.77,6.164202879,6.824398729,Declined,11,91,2.044487203,1,76.16870908,83.16548626,72.7928177,66.62967129,1.661999099
222,85.33971457,7.75,100,6.406687536,5.773674052,Same,4,172,0,1,71.25697318,75.8801416,70.53437983,66.95504813,3.826416516
223,53.83994778,1.35,63.52,8.167676489,5.380917708,Improved,11,180,1.1484344,1,45.15211223,45.45026408,41.19001263,43.08408456,3.141391072
224,70.58528981,1.05,100,6.023454307,6.340393094,Same,11,76,1.77970343,1,60.22436917,56.98968528,58.68456152,69.66280745,3.541293387
225,59.16534494,5.2,78.09,5.929286234,3.371690604,Improved,7,160,0,0,54.58613022,58.07724679,45.11805689,57.36889585,1.785947868
226,54.17685734,3.5,100,5.850944203,5.659593348,Same,5,144,2.49609226,1,53.41943039,55.38685731,54.48589892,46.74202254,1.846983448
227,88.24510052,0.55,79.44,7.469228338,6.292785726,Declined,8,67,1.957848675,1,93.51558051,97.99154661,93.52160789,95.94576196,1.165989302
228,71.50767641,2.24,85.13,7.014315551,4.764378927,Improved,14,44,2.773309416,1,61.62037486,64.79623387,57.5349317,53.88385491,2.288270141
229,83.10709558,2.58,98.77,6.257003895,5.561227871,Same,10,147,3.938697421,1,89.06256053,94.31032411,92.35878888,94.4760158,3.238978645
230,76.82534176,3.24,83.97,6.095588782,5.152149335,Improved,12,124,2.045112793,1,74.71262443,72.03644837,79.40047512,72.35700117,4.431739656
231,97.34880802,8.84,100,7.270438644,3.591867222,Same,6,41,2.91649893,1,83.71462169,90.30159202,75.67682237,83.24644075,3.66770979
232,72.53164437,4.5,82.88,6.863828627,6.434894058,Same,14,60,0.722759185,1,67.64504012,68.63303814,63.83141623,74.27402336,2.741585294
233,78.41547863,6.95,100,7.263077132,1.803146119,Declined,12,28,0.179084959,1,71.72971365,82.10601802,67.88400191,65.29389581,4.812480458
234,70.29741248,0.67,63.17,6.752726223,6.275461486,Same,9,66,0,1,67.08847316,63.64253407,62.38895765,60.10288223,3.876980802
235,66.84534504,8.23,72.24,6.820869995,4.674192161,Declined,8,16,3.524306127,1,50.73836433,59.41818334,54.88573854,47.8203677,4.720660811
236,78.67626479,2.78,75.24,6.978386876,4.195245431,Improved,5,67,2.156989959,1,79.73486634,80.72442026,78.76573565,84.92676059,3.110351893
237,65.66864755,3.44,96.77,6.220701872,6.772586195,Declined,2,110,3.722155959,1,55.44247993,52.18538992,54.11990573,47.84574956,2.035617099
238,69.76318174,0.93,83.02,7.570792201,6.332321531,Same,6,75,2.051006193,1,41.33737815,38.91794898,31.31806633,27.17660016,1.211306745
239,83.63641295,4.39,77.8,6.801311124,6.791525335,Same,8,42,1.146807588,1,75.50097627,73.89923973,78.67806643,73.24518198,3.904339406
240,65.55427692,8.6,58.94,5.596587277,5.432377242,Same,2,55,0.697141369,1,49.74108737,51.8619171,43.54479539,52.49979137,1.485211992
241,74.34155139,4.1,44.31,6.779415881,6.686657587,Improved,10,59,0,1,91.72522214,94.33939958,92.02488529,97.72653089,2.211100513
242,84.42798975,9.13,56.73,7.41190046,6.424606009,Declined,13,48,4.951425798,1,92.46607174,89.59757172,93.85295642,90.15026492,3.129883632
243,98.67390855,8.74,82.7,8.047570564,1,Improved,1,47,2.908208451,1,90.31754146,90.1957685,97.12083444,88.26040843,3.257666351
244,69.02605592,1.09,60.46,6.007367089,4.734531493,Same,9,124,0.787780888,1,60.35872851,71.07008031,53.81462652,66.12823219,3.402332788
245,65.94114481,3.4,71.75,6.453875322,1,Improved,6,155,0.909319751,0,40.85011391,49.48782976,25.75255313,31.50140541,1.665021321
246,92.73847248,9.15,84.72,8.115224427,3.593000661,Improved,3,19,0.878805051,1,91.05752094,93.23913929,91.97676867,89.11491707,2.518949619
247,72.86988366,0.78,89.88,6.348193976,5.607452217,Improved,8,71,2.812577967,1,63.55012816,63.74014555,72.55268407,64.50224761,3.468776908
248,82.37389936,7.78,81.35,7.191501541,6.125892634,Improved,12,151,2.118388108,1,93.16601505,93.76617168,99.36074681,95.41210865,4.879275459
249,74.32298771,9.11,72.64,5.988501124,7.302617963,Improved,5,106,1.096478483,1,92.99909874,96.0666886,94.04739582,90.45006527,3.910524551
250,86.87857607,7.82,80.88,6.30348455,6.865358112,Same,9,38,0.554007331,1,86.91552005,81.80155722,84.45733912,87.08772511,4.690415028
251,64.02356452,7.57,77.9,6.528828755,5.439657594,Same,10,97,2.274406008,1,56.19468906,54.90780638,60.23030205,43.7530523,4.048848233
252,71.4709398,8.51,65.17,6.327950545,4.707868044,Declined,4,97,5.095449809,1,61.18037507,52.8374547,56.31264407,57.88913301,3.366867876
253,77.15715677,6.83,69.05,7.789923493,4.09601779,Declined,9,165,3.114804073,1,86.81251693,88.80863255,89.19430578,89.0800605,1.768093477
254,67.38916744,4.52,95.23,8.107919505,4.346746494,Same,1,23,2.008743771,1,57.43071028,60.66668998,59.95806108,52.51924011,3.666742608
255,64.82964581,1.1,78.64,7.646533884,6.06906523,Same,4,178,1.773515585,1,49.32210107,46.90616876,54.62315061,49.61702218,3.493518264
256,76.65500262,7.99,73.56,6.585131993,7.304074789,Declined,2,127,4.256968433,1,70.62406944,78.49400325,84.42236963,72.85843194,3.409876682
257,80.17014535,9.1,71.56,5.78640206,4.667544718,Declined,1,72,2.877174027,1,91.48851258,85.35968426,93.45059241,89.77576657,2.959143472
258,85.12537415,5.36,70.72,7.083216924,3.707135904,Declined,4,155,6.182134672,1,78.28163882,70.95976442,75.73682069,79.13395767,3.114626416
259,72.69220825,5.56,90.65,7.441998017,4.296830904,Same,8,67,1.535937108,1,71.35336435,72.47562345,71.22549279,66.53970153,2.337770108
260,54.30000628,4.33,70.33,6.751645117,5.28035275,Declined,10,124,2.149759016,1,45.34470716,50.58019867,36.49932763,44.31165076,3.077250771
261,76.36758163,8.64,73.68,7.401882533,5.100863402,Improved,6,116,0,1,73.82539747,82.24503593,70.35183181,76.87647832,1.790223623
262,87.39835742,0.64,73.71,7.069093306,1.832243034,Same,9,134,0,1,94.45296176,92.15854044,92.40654957,95.23782656,4.220697589
263,64.65525758,6.43,69.05,7.998475465,6.017774895,Improved,4,30,0.793788372,1,47.70462084,53.09802501,45.08417885,44.77196449,1.743107819
264,81.06472746,9.12,96.8,6.419878774,6.839901687,Improved,2,147,0,1,68.50813088,68.31558853,69.26990524,69.6292129,1.33986516
265,82.94551529,1.48,72.58,5.859346168,1.98863926,Same,13,126,2.765568135,1,88.25551896,87.39238246,84.14341929,91.82856791,2.744984105
266,79.77303887,9.61,80.72,7.287158673,4.46523902,Declined,1,18,1.729597068,1,80.74227398,85.16057366,86.34742731,70.49256758,3.633229758
267,73.65201097,9.69,84.8,7.740464962,3.375616736,Improved,4,40,3.805699297,1,78.33586575,81.59748015,78.33690108,84.13123608,2.7508673
268,83.42107982,9.33,91.93,6.173766923,6.899005101,Improved,8,170,5.266738028,1,78.63662462,70.75466383,78.59012301,76.95535093,2.107016528
269,70.80755198,4.89,81.65,5.634614936,3.357981221,Declined,8,92,0,1,59.77201332,67.15471507,58.13253973,61.89946298,3.232684736
270,65.97363708,4.14,69.82,7.369896442,2.405893774,Declined,6,37,2.194859368,1,56.14755143,63.04800821,56.92350485,62.13378605,2.388009342
271,72.73405831,7.21,100,6.518328981,1.117604264,Improved,13,149,1.446218942,1,84.51486355,81.38705004,88.64035487,77.65649507,4.731470761
272,89.50017933,3.53,100,6.387630084,8.573404671,Same,11,133,3.100395609,1,84.55623671,86.53525437,80.22058563,81.0090317,4.690580558
273,77.70608894,1.15,82.03,7.545458486,8.338557717,Declined,11,56,5.952124587,1,87.68897752,90.15912845,84.39839508,86.24623404,3.00948728
274,82.15772515,9.06,87.42,6.057191777,3.584910806,Same,10,67,4.929807362,1,90.22823039,91.53159922,88.70960025,86.30946278,2.311535976
275,75.85363852,6.53,76.68,5.273751476,2.100881409,Same,11,179,0,1,68.12383194,65.37230617,61.39447732,76.79851482,3.948529656
276,67.80890846,2.47,93.5,8.563102704,4.952626336,Improved,10,110,1.323233683,1,67.58339621,64.22527937,63.48710691,63.29953574,1.146851774
277,74.48556853,0.67,96.4,6.851806074,2.65382588,Improved,6,91,0.881356732,1,83.90623484,83.77846449,81.52513048,81.12850095,2.899076024
278,67.25427018,7.37,90.12,5.744911812,8.553646088,Same,13,122,0.677860735,1,75.74801619,81.61166129,80.1199621,76.76996135,2.345293577
279,82.90907389,8.6,100,6.814368477,4.640134724,Declined,10,58,1.318932753,1,78.60817825,81.32617902,79.92098489,72.59743062,4.68214354
280,79.15836719,4.35,65.87,7.361194526,1,Improved,2,100,4.170817298,1,83.76859682,81.91552516,84.73654638,81.79019326,1.048012109
281,99.11149736,1.27,65.36,7.645807323,5.385791582,Improved,13,135,0.652209589,1,88.9502938,92.80878735,93.20478361,90.53756011,3.211259503
282,64.32309149,6.66,95.69,7.699745027,9.624913752,Same,5,50,3.516410407,1,58.58973363,44.34702052,57.90287468,56.9254316,3.962654324
283,65.72127608,3.32,86.01,6.747772376,5.810302996,Declined,5,177,2.690238143,1,60.6570624,66.4008909,62.60938664,60.1901281,2.94007195
284,59.75753849,1.87,90.5,7.263270228,3.840743358,Improved,13,124,0,0,45.16900669,36.4704378,44.65289793,42.52234613,1.341612121
285,77.11837715,5.35,87.31,7.706154593,5.32976005,Same,4,16,3.484934941,1,71.80540775,69.99320305,73.1322195,64.23305621,4.88984556
286,58.63739584,5.08,87.69,5.359473486,3.325165068,Declined,10,131,1.257995775,0,41.97682506,36.37847559,39.06303177,43.58479112,3.072041726
287,75.86560657,5.41,89.24,8.049291202,5.486959558,Declined,10,118,2.404554617,1,65.607891,59.13448362,53.41380521,74.38255636,3.456744977
288,70.0297855,8.33,76.88,6.373502748,2.577206003,Declined,3,178,0,1,69.84545491,75.64958885,69.1740591,69.93746306,1.946439131
289,60.97192584,5.1,54.5,7.970597485,6.356173763,Improved,7,79,1.194747824,1,55.75976887,53.42126286,62.87350955,56.88608945,2.93399234
290,67.25684097,9.06,61.19,6.477519865,3.867169819,Declined,2,41,1.793755248,1,72.49582933,74.22834874,77.12690634,75.95944311,2.716597968
291,49.72088603,8.5,61.55,6.93835561,2.193094957,Same,9,119,1.380100485,0,41.67751375,41.44291085,46.50450117,35.33086126,1.299583368
292,58.43673009,6.69,85.21,7.001286966,5.750561127,Same,9,141,0.062731433,1,42.05415038,44.43935452,48.23480399,50.56672367,1.424641414
293,81.11661386,1.04,84.34,7.135264725,7.95276227,Declined,9,25,4.703860746,1,85.24303084,85.62714029,85.68631879,86.25467482,4.349890078
294,66.7480575,8.72,97.78,7.688706738,4.518227916,Declined,9,99,1.954172572,1,59.81048528,53.39552416,60.79706381,67.96976977,1.959279809
295,69.71119308,9.1,91.28,7.13295308,5.882315328,Declined,6,137,2.067234149,1,46.9883282,51.96966229,43.90006872,43.32316322,1.779833086
296,80.5018407,4.06,86.98,6.844117078,4.996284306,Same,2,127,0.728507831,1,68.7233793,66.25459639,67.14301502,77.81368892,3.019645805
297,79.50080777,5.5,94.92,7.264173853,7.123525052,Same,13,95,2.173773544,1,82.34964542,74.56673593,85.42850117,86.22542289,4.074988525
298,56.96547269,3.17,91.89,6.465903549,3.622045695,Same,3,179,7.249287611,0,51.87015651,49.72958071,57.8895787,54.63535694,1.247786074
299,74.29596254,0.64,72.18,6.874326455,4.792215141,Declined,6,76,6.65046036,1,74.25897617,81.76277512,73.56174479,75.42909844,3.307231679
300,59.34794832,5.05,76.41,6.007013455,3.238227787,Same,7,142,0,1,44.69411057,48.94521929,42.44316425,43.45146748,1.476841771
301,58.13557252,1.73,77.15,6.957395189,1,Declined,7,178,0,0,42.84249466,41.09923399,42.84513446,48.84515296,1.145844203
302,71.12365785,2.24,89.41,6.648620049,8.541513926,Improved,5,136,0,1,69.22450474,67.47821621,72.23053848,69.92630409,1.210975809
303,71.60015137,5.07,57.71,6.040012469,2.732818277,Declined,14,42,3.502997903,1,69.73493169,68.12675643,62.51565761,59.89958317,4.336656433
304,75.59661421,8.74,76.32,6.69125299,4.080917276,Improved,7,63,5.743052983,1,75.05864458,85.4423845,63.57773982,69.47271227,1.471889935
305,76.78980618,8.52,80.29,7.179561148,3.451763361,Same,2,16,0,1,79.93502335,81.84470062,77.18233911,79.00579459,1.180605458
306,87.87754473,9.67,80.7,5.501905071,6.659493071,Improved,6,97,0.841759101,1,93.67186437,95.82207261,87.56830224,95.22185929,2.751599549
307,76.00010316,5.09,88.6,6.545066796,4.882468553,Declined,3,146,0.633218586,1,68.39651916,73.54793643,65.85581817,68.11357671,4.375973888
308,64.32807757,5.74,92.87,6.588370284,4.737055639,Same,14,60,0.736880443,1,57.76260601,58.95655181,57.02370442,63.85745996,2.049633506
309,88.22294699,8.31,79.31,7.306210448,5.851254193,Same,14,151,0,1,83.73524071,82.44002998,81.46899867,73.97973139,2.68685047
310,62.5475754,7.15,100,7.16053065,2.904582691,Same,7,79,1.080974178,1,54.89577382,53.91402457,62.15811149,55.6137135,1.15969013
311,63.982711,2.24,65.37,6.514537489,5.30398618,Improved,14,180,0,1,64.14342814,63.78542184,65.77715196,55.05353201,2.796314057
312,64.06144084,4.28,61.68,8.150533282,3.347615704,Same,14,79,0.663345233,1,44.31510097,44.12898979,45.81747277,48.11366245,3.310452323
313,56.61010477,9.33,71.5,7.901745315,8.035116164,Declined,14,34,1.079716598,0,41.39429089,45.03243861,44.50532661,40.92199732,3.283628215
314,88.07928876,1.89,60.36,7.53199822,5.761623403,Same,9,54,2.435291819,1,92.94566281,93.20539224,87.25149722,95.04371267,2.329706769
315,70.97111031,2.49,96.11,7.108396272,5.179088154,Improved,6,144,3.620028709,1,85.97890663,89.64210701,91.17446557,81.65949183,2.262132723
316,86.10157037,4.31,80.06,7.095728739,7.834045255,Declined,6,150,0,1,78.27858134,77.87499843,77.8997599,84.67590599,1.426494476
317,74.60767301,9.43,80.11,7.025856091,2.395881891,Improved,2,97,3.50357807,1,62.49241194,62.88558789,65.84481503,67.70103526,2.467193283
318,57.26321106,1.58,54.94,6.928585811,1.692911742,Improved,13,26,0.158620999,1,49.5311876,39.54018418,44.17190144,52.44890912,1.397978675
319,56.90813305,6.89,65.07,7.099088689,5.688792818,Improved,11,68,3.628478337,1,48.60403735,53.18567572,40.83524352,47.95645111,4.066383779
320,75.24300922,1.76,94.34,7.096199922,1.547468473,Same,14,54,0.81006343,1,53.7633594,55.49580178,57.85280769,56.66264583,4.865097191
321,71.41683376,5.48,73.01,8.212874118,5.044122048,Same,2,119,2.293166057,1,70.20746656,75.19751711,72.08951419,66.67300372,4.880297827
322,75.48046363,5.6,82.18,6.299302076,2.584523606,Same,7,164,0,1,79.30277575,64.82149886,74.79251798,83.58055404,4.460284398
323,66.82516739,0.9,79.34,7.358594729,5.725362591,Improved,14,136,2.122963202,1,76.31085572,86.75272924,71.96254031,84.55826019,3.403168597
324,65.94429114,9.56,85.44,7.809659825,3.005807867,Same,8,180,2.826368063,1,55.39636433,54.69841619,61.02353825,60.74941713,3.803462789
325,85.12019714,8.16,82.85,8.162408662,6.267633149,Same,2,103,2.641560149,1,92.51759044,98.05850452,86.57053097,88.86957809,2.140823211
326,83.86963069,3.38,76.53,6.248575995,5.693355264,Same,12,155,3.172126527,1,80.58433042,75.38480078,88.79769518,82.391417,3.523081681
327,68.2493443,1.74,100,7.091193365,6.374375061,Declined,7,75,3.189671385,1,70.48947289,73.55334241,65.98636921,64.02376517,2.822598198
328,69.22088656,3.78,76.41,7.287098391,5.362337906,Same,10,95,2.179568635,1,73.64464104,68.37756323,76.83660067,76.5065926,2.928069359
329,73.79381489,9,72.39,7.085384757,3.419555895,Declined,6,137,5.512747445,1,63.07800343,59.95915863,61.43491105,65.3310205,4.031106242
330,71.84625257,1.76,82.79,6.87712983,3.244467515,Improved,14,65,2.552035195,1,53.62520442,63.19536119,56.64114158,44.27612272,2.127673422
331,61.93348691,3.82,86.88,6.99314768,6.300756815,Same,4,156,0,1,59.57849733,58.62508532,56.85792732,53.76957811,2.272158447
332,86.24833847,5.2,80.6,6.98118342,3.225654153,Improved,14,38,0,1,81.68153608,82.76870044,80.86757155,80.26584159,4.698567165
333,60.58353014,0.81,65.33,5.898363889,7.093307354,Declined,7,52,3.567445065,0,40.79164187,45.14198053,40.99623775,39.28734314,1.224897179
334,68.65102431,3.05,100,7.346252851,1.979873229,Improved,2,107,2.464971602,1,46.38399523,48.86240467,41.37305795,40.33661055,2.942537194
335,60.91397085,6.16,69.91,7.741463573,6.032721453,Same,11,154,2.57434657,1,42.53014531,43.28223984,46.23426704,44.47503896,4.651203202
336,48.50865248,3.58,69.84,7.354835996,5.510620623,Declined,7,103,1.873006714,1,42.24008413,44.06488914,39.6740163,43.49745217,3.441452031
337,82.76532915,8.77,100,7.246503179,6.27858727,Declined,11,45,1.122471511,1,87.05033212,99.06741005,85.90733254,86.07898646,3.185628297
338,84.65131023,9.4,91.99,6.772936314,6.961226183,Declined,10,161,0,1,78.70118227,78.41308828,73.72943539,74.92222477,1.998976717
339,68.5710502,4.69,99.61,7.650828227,2.451578123,Declined,1,87,1.99753077,1,66.0795606,67.08505583,53.26789231,71.32309623,2.373101956
340,60.75061457,5.55,78.73,5.968526386,1,Declined,7,145,0.16791001,1,45.38087884,50.63415082,44.42574002,53.6579144,4.408193663
341,72.63876905,6.49,77.42,6.775743898,6.056524123,Declined,10,122,1.732198525,1,67.03887313,72.5665028,79.10195024,64.62106571,3.236872527
342,58.5229043,6.81,86.43,7.650863561,2.652851737,Declined,8,169,1.350228769,1,66.04094739,71.97609892,69.96396883,62.98011281,3.058968775
343,73.1197893,1.1,92.92,8.335712528,4.917852444,Same,9,165,0,1,49.52610285,52.71975396,49.42980095,51.98214117,1.398318854
344,67.42404195,1.01,99.26,6.821538467,3.420581767,Same,11,80,1.031964875,1,63.86184071,58.14681614,62.54738656,62.07169381,1.064112626
345,73.48755736,8.72,84.85,7.078675832,6.586514469,Same,9,164,0.845177828,1,61.91776039,70.08491805,62.03008986,61.22077439,4.854740755
346,76.50237202,2.59,65.43,7.379884695,11.54637669,Same,2,109,0.765350308,1,73.87175539,68.14002843,76.60735097,77.57002115,2.507944669
347,83.75317068,6.05,74.23,7.044859612,4.980546115,Improved,6,129,0,1,74.9301508,76.44332812,69.02608672,65.38337036,3.412852248
348,63.27614088,6.43,90.43,6.203919582,6.333007448,Same,7,177,0.433632126,0,42.49172054,38.72034129,48.06332901,49.08323216,1.318860293
349,69.12722554,2.06,100,7.14049888,8.298108517,Improved,11,172,0,1,60.6036938,60.28300207,64.18060038,60.96709643,3.732457143
350,72.74357222,7.74,90.69,8.28867526,4.705744136,Improved,14,168,5.965697534,1,74.42229536,76.06610742,78.01322399,72.36482964,4.730266835
351,77.82550062,8.73,90.97,7.448195012,1.156889011,Improved,2,105,2.509036023,1,67.67249422,69.2792803,69.86487292,67.22632345,3.302661012
352,74.18626411,3.21,61.41,7.424173082,7.188464959,Improved,2,85,0,1,87.10694127,89.21654504,87.20502455,86.91908804,1.50446129
353,81.34352697,8.84,86.49,7.876576794,7.166238239,Improved,4,146,2.81702827,1,76.22814974,84.29670608,79.59245592,67.57214322,3.32688611
354,58.98547299,1.27,81.43,5.996896901,6.616074872,Same,3,22,5.596649095,1,48.96139349,51.229065,51.92046416,56.43608463,4.065388852
355,68.20205886,8.1,77.73,6.661491331,3.076527085,Same,5,82,0,1,43.88128111,42.66049793,42.11107755,44.08790927,2.625666146
356,78.47302786,6.58,54.41,6.873971862,8.412694948,Improved,8,63,0.749229137,1,75.3330603,80.15349614,72.46505144,77.54807095,4.519350992
357,63.94967988,6.04,78.23,7.107918047,5.302901249,Improved,14,35,1.381919511,0,41.45812208,47.40547452,41.96740356,46.21587093,3.594731813
358,76.51877255,2.69,70.41,6.87460733,7.145799696,Declined,9,85,0,1,72.21765697,66.07961789,79.96275773,67.11184468,4.596995673
359,77.09444616,3.94,71.06,7.027062443,1.953998015,Same,11,59,3.084225027,1,91.71266328,94.69966363,85.5171279,94.08002277,3.494021245
360,71.52189407,9.15,73.42,6.937531334,1.164854011,Same,4,62,2.517274213,1,71.65107978,75.15694349,64.31345345,70.31287433,1.525151888
361,74.03661966,4.92,100,6.791162581,4.111180099,Improved,9,117,3.168647368,1,61.34934594,59.86152842,62.17315015,65.58319982,2.238766844
362,78.52370509,6.15,74.11,6.840794998,7.638536896,Same,12,53,1.900241803,1,75.38085201,82.25938608,75.63529052,64.74471491,1.807179793
363,78.50690402,9.39,87.08,6.367002764,6.819570334,Declined,13,79,0,1,65.20390898,64.45363104,66.0706173,64.70843748,4.635305991
364,77.02083452,4.93,79.98,5.621552145,5.102080556,Same,8,81,0,1,70.00892341,70.63680568,71.2286894,66.99482013,4.041600269
365,81.05677279,4.19,82.48,8.570697722,5.30713414,Declined,1,152,1.645934356,1,91.78056448,90.91520536,90.66455321,93.94187924,3.705593476
366,66.63750185,8.99,81.47,7.604053964,5.890744728,Declined,7,52,2.789152964,1,61.23564508,61.31354032,68.68496227,63.58586602,2.203865279
367,86.94732746,9.15,77.71,7.411053735,2.585284808,Improved,11,83,0.038515265,1,92.86548101,87.38410558,84.86096112,89.32735154,1.736179088
368,73.32692232,3.87,96.61,7.250950433,11.49845373,Improved,13,79,2.168917412,1,89.79428531,82.59403089,85.65180018,86.23341599,4.025804352
369,73.75146563,6.12,95.85,6.938631313,3.090544919,Same,6,149,1.142686805,1,50.76851241,58.74103773,50.25223861,50.21518557,2.896631784
370,64.11616946,9.66,80.92,6.874894446,7.785201608,Same,3,175,1.343732762,1,43.81487155,39.58006481,35.59892749,39.33166041,1.903158209
371,68.90656802,1.03,74.88,7.282684838,6.453059192,Same,11,155,1.420277803,1,45.54279008,40.58582833,44.66351805,49.75270855,3.466487913
372,52.5980805,0.88,76.69,6.914354293,6.868570958,Same,2,37,3.556865598,0,41.00220041,30.23524984,49.30955124,39.15616441,1.161335409
373,68.82000722,5.41,43.05,6.683900227,8.308973252,Same,9,17,2.764136541,1,45.19436284,41.9995541,45.29879528,30.65942174,2.304681017
374,89.94018082,3.27,57.86,6.860808153,7.684821291,Improved,13,158,0.959867677,1,77.56537254,70.94992357,78.71887707,75.69126225,2.874227978
375,55.35329606,6.03,100,7.413329197,4.432970605,Declined,11,84,0,1,43.91537567,52.12545147,37.61455184,38.72265656,1.591833336
376,72.62883881,7.38,64.36,7.206788167,1.556588505,Improved,6,140,0.324825552,1,57.54365967,62.59274511,54.46185263,49.38728059,4.93861791
377,83.23962078,1.16,59.99,6.731230648,6.836501342,Same,13,38,2.218596585,1,86.4681421,83.02739038,84.5921602,80.28100891,1.836389458
378,52.91780899,8.88,90.99,7.128122107,6.932241431,Declined,1,52,1.780801405,0,41.27995647,52.54213549,39.69138098,41.82699882,1.52141252
379,84.86230313,3.13,100,6.922796413,6.0703515,Improved,3,78,1.016128766,1,84.79576654,89.70459398,91.20398552,91.43897068,1.814139496
380,71.91902233,4.12,70.42,6.821217685,6.792857546,Improved,7,97,2.306729006,1,55.50201261,53.87785569,58.29046792,57.06793498,4.076244533
381,60.2439,3.7,73.06,6.779989068,4.835407966,Same,3,75,4.267753104,0,46.49906552,34.00203694,40.94177573,43.46654858,2.702022637
382,84.98985465,8.48,80.17,6.593993943,5.96199387,Improved,8,167,4.387886903,1,78.3205441,89.77525696,79.55306799,80.60006507,3.261663759
383,68.96211125,2.12,66.44,7.257149721,7.257319714,Declined,14,180,0,1,74.59185657,67.64399424,77.08296532,72.29640502,1.084036628
384,76.65669964,0.77,100,6.632275086,5.204055749,Improved,9,64,1.150608635,1,88.26096074,80.03396701,93.96170594,84.7879589,1.137725234
385,80.89744068,9.73,84.59,6.891871342,6.265997379,Declined,9,154,0.889324854,1,80.42890741,85.54175957,88.33161084,74.65709407,2.783302199
386,82.22265198,9.82,77.3,8.276021672,2.456828282,Same,7,15,0,1,84.19145117,96.3902132,79.11598021,75.43230714,4.266620973
387,64.1730833,2.95,74.33,5.697762423,5.641002912,Same,14,63,1.734050586,1,55.51190149,62.43326558,51.45761394,53.56228296,4.540955515
388,68.92755963,0.59,74.86,5.964314538,2.452909193,Declined,11,60,0.746411309,1,49.75917491,52.57872051,43.47128561,50.54944236,1.34682627
389,83.29637724,6.64,60.6,7.75139678,4.353848374,Same,7,80,2.14312597,1,81.28381134,84.25758305,80.11371204,80.80069299,3.153452408
390,86.47865068,6.66,100,7.734516372,5.94906085,Declined,10,121,0.771791949,1,84.37591066,88.64298845,86.70770253,82.29607602,4.652918745
391,86.62320923,9.43,99.33,6.653065005,3.421865624,Same,10,74,2.314604471,1,94.47778281,98.27242576,99.41445539,89.74905251,2.551891018
392,74.35988745,3.34,74.79,7.577488284,8.05767934,Declined,8,132,4.294288709,1,62.69397223,64.09992935,62.31421711,65.73520319,4.318263326
393,68.00224584,2.3,72.07,8.169791291,7.418713148,Same,4,95,0,1,60.46099472,60.98200024,58.8617571,53.87533512,1.534782618
394,91.62044987,6.36,57.9,6.569869101,5.590046306,Improved,10,80,1.762844363,1,82.70271284,82.3897472,83.4615028,86.58285241,4.741577959
395,65.30936851,5.85,97.57,8.62130662,2.933574021,Declined,10,71,0,1,58.74419471,54.97437177,54.56848021,53.73310962,4.00569327
396,96.1223136,7.32,83.04,6.156717889,1.017246921,Declined,2,82,1.450783711,1,91.19165291,89.78827752,101.6393465,87.42947672,4.765337571
397,83.78079041,8.91,73.5,7.468122557,1.986032429,Improved,6,138,0.387922755,1,87.21270135,78.74791728,79.17439622,79.8787754,3.706468934
398,64.9197813,5.82,94.93,6.8101481,3.485746566,Same,5,45,7.465886219,1,63.59467151,63.10297337,64.5183744,61.08766077,2.453615728
399,87.48935112,1.93,68.16,7.559033585,6.003945105,Same,11,27,3.079773374,1,81.29790873,76.35495319,91.41593982,86.17447102,4.75272469
400,81.37943598,6.18,93.54,7.477848412,9.596115427,Improved,14,155,1.023521225,1,81.49985807,75.98191149,81.5338573,84.07799852,2.102267105
401,67.09152688,4.05,65.94,7.42004063,2.354575456,Same,12,172,5.123301196,0,45.67181279,46.57128354,44.72161761,50.56392335,2.328690088
402,90.93948453,4.8,79.9,7.035942004,3.288395189,Same,7,108,0,1,89.64040987,96.6004213,87.85318275,92.2511226,3.803233672
403,75.58421801,9.62,76.57,7.208831916,5.532162703,Improved,9,74,4.293647352,1,67.78888048,72.38046351,66.88692208,62.27053134,4.061265198
404,79.76637609,5.77,100,7.373098232,4.791214984,Same,12,43,1.028456046,1,85.45516064,77.60265762,92.31940301,83.80121451,4.717613935
405,73.67993092,1.92,86.35,7.572263407,5.423005975,Declined,11,19,0.883509347,1,57.60272806,52.65458737,46.5434185,53.70173241,1.819209636
406,84.63066632,4.71,63.64,7.109666147,4.748060117,Declined,11,32,2.0110173,1,89.25377757,93.95763351,96.92094607,95.90665209,4.191992141
407,74.13233526,2.67,75.51,6.811294745,4.945229855,Improved,8,95,3.246338243,1,61.40609233,56.49365536,54.28630657,55.4221491,3.954184214
408,49.52938255,1.79,57.44,6.472882821,5.706224515,Declined,13,100,0,1,40.59607083,39.47290508,39.26280919,45.06455928,1.255178225
409,87.13291294,7.27,97.3,7.282619634,6.30656336,Declined,5,175,0,1,89.7960087,92.5462692,87.6497866,94.26077805,2.548892565
410,59.31745449,6.47,88.4,8.051851367,4.311004366,Improved,9,171,3.684695611,1,45.02076722,40.17904495,47.96353357,54.16886823,2.131061828
411,77.04767322,5.23,80.71,7.568633224,1,Same,14,50,0.897275693,1,57.56225007,58.0891276,49.57162831,55.5138171,2.217961697
412,89.24214083,4.52,100,8.851887212,4.80212546,Same,4,55,1.006823027,1,92.25340819,85.58328071,94.56427152,95.81501899,4.931787518
413,87.34098527,3.56,79.67,6.88214089,5.140442663,Improved,6,178,0,1,92.28339308,89.27655486,102.4049412,103.6916523,3.571109654
414,78.20109189,1.34,77.08,7.435121962,3.679843895,Improved,4,167,5.507632399,1,71.53908385,73.13799352,64.72321382,68.45087546,3.870704631
415,72.38331907,3.34,75.87,7.375946231,4.880761385,Same,2,140,3.291982139,1,74.75104667,66.786078,75.69957751,67.07584543,4.906470549
416,80.44853531,8.46,73.34,7.120737437,4.69872086,Same,7,67,0,1,64.66450371,66.8668774,61.35459282,55.26445354,2.50880713
417,78.02014831,7.94,69.66,6.234328737,3.31679229,Improved,12,171,3.216806407,1,56.12659244,56.02840345,58.25602847,59.69015259,4.207360674
418,71.00284255,9.74,93.61,6.981967819,2.954779795,Same,1,25,3.499970567,1,58.07655,60.83899977,58.17228888,48.66079896,2.738123853
419,86.44627538,6.73,58.73,7.411243078,7.219985161,Same,6,28,2.780267554,1,76.98851508,78.10808575,73.78108054,75.12691982,4.478134687
420,77.84455857,5.76,94.22,6.811920694,2.784711174,Declined,4,97,0.656596511,1,81.38059912,88.20130127,83.81996054,83.56716505,1.722630165
421,77.78285587,3.31,61.05,6.922618426,9.561023955,Improved,1,38,4.901208709,1,83.5368474,84.16296992,92.55858795,84.46272509,4.790744708
422,81.91912267,1.23,97.6,6.737085115,5.310006771,Improved,10,58,1.029090497,1,83.42899785,81.28197015,82.4744789,85.55622217,1.875086834
423,64.68287303,6.37,91.23,7.707515918,3.518588425,Same,3,175,0,1,45.01633567,45.62782318,48.61512538,46.12778495,2.304882028
424,71.62662497,5.14,88.06,7.289741254,3.795338884,Same,13,75,5.978067576,1,67.19311676,69.9096069,60.72675197,73.58744583,4.024768936
425,64.27170685,7.71,77.97,6.245018455,5.624305484,Declined,11,68,0.018904561,1,43.1657318,43.41003215,38.38354992,38.4041499,2.575020566
426,76.64399167,4.41,64.73,6.192128469,1.449774729,Declined,9,42,0.358240701,1,70.22408853,70.42704698,72.58611992,66.83911284,3.432845507
427,67.15055491,9.86,100,7.525565983,8.735816431,Same,13,97,0,1,64.28417758,60.77421914,71.70475772,60.42088035,2.778294004
428,87.00583011,4.28,64.92,5.576983247,3.087062008,Same,1,68,0.11546959,1,88.82373005,85.50922546,90.6017968,92.97468911,3.969479748
429,73.96780406,3.66,86.56,6.095259337,3.480726243,Same,2,124,1.135653268,1,59.30032569,52.28729933,57.73503554,63.80231863,1.913325009
430,64.07668954,8.77,97.77,7.169283946,4.188986175,Same,13,89,0,1,46.4386859,55.18656962,46.43514293,48.6948125,1.233831949
431,69.69551177,4.26,82.66,6.704175977,1.749259292,Declined,11,158,1.424671318,1,47.86454251,41.64522634,41.61250384,53.78201085,2.19971759
432,74.8545234,8.77,51.25,7.540715811,8.127244519,Same,4,100,1.137459165,1,81.88308474,78.41855876,84.90566138,75.99288041,2.897234659
433,79.34074885,0.76,95.41,7.237639445,4.516904441,Same,8,138,2.387066464,1,74.00199348,70.40995715,78.41365879,82.33811404,1.672080209
434,56.92947006,7.08,93.73,7.027487686,5.676705582,Declined,12,162,3.523554816,1,45.56174719,50.03636907,43.30129552,53.1779403,2.419189159
435,56.74253038,1.18,96.06,7.079626722,2.526625953,Improved,7,167,0,0,44.62587434,43.15112594,42.2756636,48.30398432,2.599932073
436,76.12199695,1.91,76.95,7.944420961,1.687877892,Declined,5,92,1.667155742,1,78.55330223,84.79201259,79.88269338,87.46229677,1.229567375
437,57.29068176,7.15,89.17,7.098029052,2.015729179,Improved,2,149,3.242789866,1,44.00196535,40.63451223,41.81836667,35.71884931,3.333228993
438,79.86117254,3.25,94.47,6.549058901,6.176055429,Declined,8,26,1.735000009,1,85.20230326,86.59727407,84.87164019,82.58006258,4.537373712
439,78.35090969,2.5,66.92,6.52799789,5.149904361,Same,7,68,0.068895881,1,78.84332249,74.66658723,89.34193144,75.16680519,1.606971652
440,66.4228639,8.11,96.2,7.265030395,4.293775855,Improved,9,158,5.129043116,1,44.47418294,55.19992857,43.23905443,48.08157955,3.391232054
441,60.72724194,9.49,60.72,6.618266767,4.700785995,Same,12,101,0,1,44.66607427,38.72808218,42.87437351,39.41537058,3.65895682
442,79.20445987,2.71,86.27,6.992403594,4.753611412,Same,8,176,0,1,94.26517682,95.81428037,91.02746779,98.05265256,2.677338722
443,75.99278612,3.51,89.68,7.544172222,2.903149219,Same,2,134,0,1,60.58489377,63.75377817,64.30585362,67.43757449,3.804390349
444,66.00720838,7.28,78.56,6.48886992,6.834007579,Improved,9,172,2.359336528,1,60.38531809,62.45431358,59.47919722,63.86133259,2.642926174
445,82.05838596,8.25,71.39,6.947232772,6.739619332,Same,6,137,5.339772205,1,84.7039762,83.7775379,81.45711101,86.12273132,3.018549152
446,88.28201841,9.99,100,6.26353312,3.287683168,Declined,13,92,3.088162107,1,92.09867176,91.44956826,98.70519192,87.15930505,1.029412178
447,88.11308135,3.1,70.73,6.625986631,4.699725969,Same,14,125,6.109924717,1,94.23005851,94.44911587,101.3280735,89.99580368,3.766880457
448,86.18879783,5.79,79.57,7.109495168,2.543576912,Declined,10,157,0,1,81.43580019,80.70079018,78.43368236,87.68389472,3.645370716
449,72.74215432,1.77,81.36,7.255768962,3.908913407,Same,5,30,1.414444873,1,60.6942772,65.51367279,51.36157745,64.59102222,1.153603509
450,57.98972181,3.64,91.83,7.028317618,6.553988695,Declined,7,96,2.11806783,1,44.59253942,55.64515443,49.63010787,44.39744182,2.47300043
451,92.26435106,0.93,99.3,7.321245617,4.023413752,Improved,6,90,2.173083439,1,82.74308038,79.95562145,79.31993125,80.65353265,4.916127363
452,76.32778418,2.5,75.96,6.839651291,6.880877662,Same,13,166,3.643329109,1,70.71223374,63.86321884,74.66536173,60.58319437,2.68294625
453,70.92940412,5.31,83.67,6.837533144,6.418848511,Same,8,121,0,1,63.33221051,62.89080027,53.48169142,57.97794842,3.007781621
454,89.74437271,2.06,84.06,8.196115152,1.418505858,Same,8,36,5.005276588,1,89.84949118,102.7480379,94.31247787,99.40658662,4.639720633
455,64.30518549,8.95,79.14,7.459603564,3.542281978,Same,11,169,0,1,46.11586153,42.09748869,40.06000188,39.71358367,3.869047503
456,75.54333133,7.25,57.12,6.514586232,6.90264984,Improved,14,138,2.666897662,1,67.09438074,75.28996476,70.74820133,68.04177984,3.328280524
457,72.77314522,0.76,62.84,7.139639645,5.616096788,Same,11,34,2.763917329,1,40.62445046,49.01295453,40.6958158,45.66167033,4.191218725
458,71.51256051,8.83,88.02,6.519823332,5.042861016,Improved,13,105,1.525876341,1,65.77633531,63.0083941,61.00663821,59.50172197,4.457465066
459,59.95953561,9.78,90.95,7.397745293,6.584535561,Improved,2,89,0,0,43.09668016,45.94159556,41.0614986,44.02023254,2.827552287
460,63.85038526,5.27,81.63,7.312138138,5.038168559,Same,8,80,1.791745165,1,46.53498539,54.67696851,49.96657768,51.22456308,2.90043346
461,68.58955146,3.49,82.98,7.831155598,4.898744281,Same,3,23,0.007984715,1,46.46394357,44.56830487,46.99341584,46.52644018,2.544203743
462,70.32061316,3,100,6.849935513,8.700626862,Same,9,103,2.796568712,1,75.70656662,74.68866482,78.62863152,90.04858189,4.86682456
463,70.68845472,1.33,70.71,6.663436152,3.624246777,Declined,1,114,0,1,81.03246836,78.12406379,90.91467128,72.68947207,3.788665017
464,73.10706469,5.17,69.36,6.900278293,7.005878478,Same,2,178,2.253857384,1,72.08528208,67.01149843,64.26407402,77.37892473,1.332892265
465,78.29013029,0.98,76.99,7.330566822,2.718467094,Same,8,165,2.846029254,1,92.91949017,89.67310244,101.005553,92.05548148,4.451838493
466,68.1847842,5.29,69.15,6.173065328,3.783422348,Declined,9,129,0.555660234,1,60.61788187,54.49818054,61.13966156,64.47748265,2.922239763
467,70.36958085,2.9,83.55,6.532048639,6.648420421,Declined,5,178,0,1,55.71416475,55.88458209,51.2202445,57.9207005,1.275015626
468,79.43273171,5.03,62.43,6.257102925,3.744713954,Same,1,131,0.887269751,1,87.77295205,83.9230859,81.12138392,84.10717106,3.198869021
469,59.01475268,4.47,67.61,7.046281657,5.075598689,Same,7,82,4.612882852,0,52.29777112,53.46670068,51.35216916,53.44275308,2.668657116
470,86.83530564,3.4,68.65,6.324269793,2.513876533,Declined,14,42,0.912188953,1,92.97723967,85.19776144,97.58549023,83.68773241,4.510997619
471,64.64696548,4.76,74.28,7.968307759,3.371307784,Improved,3,178,0,0,40.66849611,42.32289727,40.03075051,43.68473361,1.815978414
472,78.19680054,5,70.4,7.317991452,5.301473719,Same,1,118,0.825685601,1,93.34333547,97.51098028,100.8991101,94.8341278,4.305858438
473,65.28805957,8.42,74.85,8.191876159,4.567206088,Same,9,176,1.233115464,1,42.37379516,32.40511694,35.11791671,45.567096,3.230754765
474,88.59296665,6.82,85.23,7.829677365,5.164859331,Declined,9,113,0,1,89.01287125,90.8831541,88.95242651,94.30346288,1.218441213
475,79.28220601,4.61,76.96,5.985610938,6.271229069,Improved,5,166,0,1,69.023561,75.16190596,62.76159378,70.8616602,4.887381205
476,93.39893297,9.1,52.17,7.215453059,6.676566274,Same,10,25,0.90972245,1,94.61306379,88.56485869,96.4312232,95.35351089,3.050460976
477,73.03947515,7.68,53.64,6.392739899,4.887056275,Improved,7,26,1.576837544,1,44.05881106,52.42167299,48.49324801,39.65346938,2.163507417
478,73.45053258,1.22,87.3,6.472704776,5.496733746,Improved,10,42,2.76820849,1,70.46198564,72.55708069,68.35817667,66.90088182,2.877627368
479,87.20367763,1.96,93.89,7.821940203,1.48148664,Improved,6,162,0,1,93.31163946,89.78658018,80.29057018,99.24531256,4.431431134
480,72.30299855,1.28,82.51,7.010351339,6.452120299,Same,7,57,1.020175589,1,68.77038143,68.49153604,69.76512216,75.95205846,2.219612498
481,77.31834677,3.53,71.43,7.014533006,6.780221793,Improved,7,166,2.754130647,1,74.6169251,77.40855966,76.80061786,73.42637292,1.770705586
482,86.79745573,4.64,100,7.457262258,2.842945758,Same,8,167,5.747285495,1,78.26617789,78.64620485,80.28765167,78.49619163,1.516284988
483,65.77480686,5.29,46.09,7.073874706,3.472243714,Same,4,153,2.884548874,1,64.99975856,67.69353852,71.17866952,60.47668669,2.191437594
484,72.95259884,8.59,80.95,5.783246296,8.425699604,Declined,6,26,0,1,74.5156944,69.91232644,69.16042601,80.37947863,4.120192348
485,82.95454826,0.67,69.49,6.906215134,3.77357057,Improved,6,60,3.201529504,1,72.13728716,72.98409128,75.53836768,75.46437127,2.886505461
486,89.88202782,4.57,59.7,7.148492057,6.89446137,Improved,3,73,3.743525173,1,89.56369058,82.49511809,95.52622814,99.26977776,1.909926415
487,59.43411723,4.4,89.31,4.957188822,8.72765308,Declined,2,126,5.027174388,1,42.49955092,41.94342061,33.606613,38.10793553,1.664739998
488,71.99849772,9.5,96.45,7.519539209,5.900650211,Improved,8,23,0,1,55.45297543,50.93343722,57.05123456,53.56293593,2.330917906
489,87.84239502,2.79,67.41,7.75165146,5.27708233,Same,4,178,0,1,92.27263162,88.59498191,89.75173247,93.42986124,4.759697492
490,91.9836271,1.66,87.23,7.280401775,4.815559464,Same,8,124,2.556049048,1,88.96450811,95.14497399,88.55689475,92.1969558,2.37210685
491,72.90310867,1.85,67.87,6.404684164,2.95158697,Same,6,25,0.729922191,1,65.0611214,70.51767201,66.79950382,63.98278322,4.952496304
492,82.18180701,5.44,85.08,6.985442351,3.975415101,Improved,1,18,0,1,74.10729288,77.15298348,71.67115006,69.74248743,2.940921823
493,80.83804208,4.21,100,6.955995569,2.791716947,Improved,14,161,0.492203877,1,55.25596506,49.79440124,51.87742467,59.66300271,1.716655673
494,68.16382767,7.66,83.56,6.575157011,5.0968432,Improved,13,33,2.255852654,1,50.34666378,48.76462154,50.51742587,53.9523406,4.564560367
495,72.99834696,3.57,100,7.049467216,8.67787849,Same,9,35,4.895613651,1,65.50341227,71.56890077,60.06718258,60.92204177,2.841421493
496,73.3294212,1.72,91.32,7.337825731,3.000526257,Same,14,32,2.557269101,1,59.43437254,60.14295711,54.0052469,66.21158655,3.838685374
497,74.22413878,4.18,96.61,5.706926277,6.31191087,Same,5,72,1.424011504,1,72.10108615,83.69773385,75.49795257,77.9520797,4.934846333
498,74.07754104,8.89,62.2,7.999719931,5.867996283,Declined,3,151,0,1,44.27540503,46.24199423,38.53143486,44.94688752,1.200701401
499,87.6962124,4.35,83.05,7.708803848,5.290032402,Improved,14,85,4.856490387,1,93.59171442,94.55196,96.92327693,93.98970373,1.386778239
500,85.75612887,8.42,74.04,7.774941919,1.349676552,Same,10,103,0.701647794,1,94.24159095,92.69600863,96.55454741,97.0118798,3.881826966
501,75.02100211,4.03,71.83,7.752310532,2.294474022,Same,3,102,5.475037691,1,78.39889427,79.06659879,69.76986063,74.09037892,2.127300013
502,80.22875103,3.17,76.75,7.17526589,3.055377084,Same,10,88,1.425249108,1,69.48530015,68.72295097,66.09747689,69.63545754,1.737205588
503,72.84794651,7.86,82.59,8.251860836,6.050007808,Declined,2,54,4.178558007,1,57.0240189,60.56456228,62.99456591,46.26210117,1.157447519
504,79.89259118,2.49,100,6.242451913,5.061752511,Same,6,52,0,1,84.75872608,89.54223767,79.85289843,89.14100431,1.087386848
505,81.71236397,2.7,54.34,7.04087568,2.103930409,Improved,9,154,0.819596615,1,77.66021449,73.73026719,75.33819318,69.85274838,4.097942412
506,56.92918599,0.97,83.35,6.549097665,2.96515454,Same,13,25,2.979016187,0,48.94393166,42.2877669,51.25423613,56.46103081,1.537733709
507,85.97535045,2.28,91.57,7.380404219,3.800396019,Declined,1,164,0.299750173,1,90.10099515,80.91996828,94.01794769,88.45039468,2.870882464
508,84.88355594,4.1,58.68,6.800840127,5.124618337,Same,11,96,3.3228023,1,85.23954836,87.779505,83.98185393,84.18121345,3.423587261
509,94.65614666,4.3,95.64,5.640291574,1.775867665,Improved,4,129,0,1,92.23899523,86.7221622,89.25144426,89.1003257,2.713407202
510,76.10319247,4.5,77.55,6.594827207,5.356974025,Declined,13,121,2.570933445,1,79.91457296,69.15012,87.02642227,78.47437859,1.108426609
511,70.47715474,5.06,66.14,7.684247251,6.435130027,Same,3,111,3.548180465,1,73.73783578,75.6807288,82.4323341,80.8304925,4.13400601
512,67.02454369,5.93,73.82,7.60414783,8.266787323,Declined,8,156,3.235699943,1,63.003367,75.46836458,67.89765725,50.56432371,1.042052898
513,78.96719079,2.3,75.78,6.390627173,6.452373907,Improved,3,135,1.124285318,1,91.30006658,91.26971203,91.7266573,97.68489351,4.047559578
514,90.50004375,6.33,90.92,7.232184968,7.349763562,Declined,7,168,3.902361478,1,87.63351392,91.82596779,83.59218531,89.32363133,4.573217975
515,68.9867099,3.7,83.14,8.241835698,3.741371083,Declined,1,56,0.585757204,1,42.48702686,42.89617365,38.33480482,36.45191862,2.731359684
516,62.32617469,7.47,54.75,5.837656037,4.050532161,Improved,4,89,0.691390303,0,41.4501836,40.95573533,44.06275412,36.07362163,3.142169892
517,76.45921732,5.79,100,7.269506146,3.870474613,Improved,2,92,1.202565929,1,60.70548518,65.30086759,62.79747628,69.08745031,2.90793357
518,82.9600085,5.77,80.39,7.379412454,3.380044481,Same,12,56,1.72281846,1,84.58043319,83.12906047,91.58842616,79.85289879,2.556834474
519,86.67453532,7.01,87.32,7.461911234,4.939238184,Improved,7,44,1.398889876,1,94.30018711,95.63714868,97.55243758,88.53343456,4.549698141
520,62.47127641,3.66,82.15,8.133239064,1.848728644,Declined,13,92,0.121687775,0,48.27292901,49.88141804,40.7575275,53.95950172,4.575734043
521,74.78663972,4.58,77.38,6.241466365,5.419589407,Declined,12,43,2.576186937,1,72.67718934,69.33673708,77.93692743,74.36995373,2.343265459
522,62.73549078,6.04,43.44,6.26063356,5.51144634,Improved,8,31,1.972464651,1,60.94899711,65.90920886,55.95869398,56.25936923,3.460279016
523,87.99391976,4.5,70.94,5.973671573,4.231390379,Improved,7,86,4.027312199,1,93.34529188,92.4704931,91.42543552,94.42841676,4.707630249
524,82.95660084,4.72,100,6.19976733,4.393640294,Improved,10,64,1.358762028,1,86.31654077,82.53781497,87.5675418,81.18777735,4.848233996
525,86.780843,3.09,66.97,7.07370294,5.165292833,Improved,13,61,1.607426825,1,86.10807876,88.79062798,96.08641621,91.61218575,3.035836162
526,73.35667938,3.23,77.84,6.716269811,4.135258141,Improved,2,107,0,1,65.77812379,61.28578388,81.32771657,71.08497861,2.811299221
527,70.59401781,7.14,67.28,7.010802833,2.789335423,Same,3,72,1.028704619,1,62.81507263,62.95597842,65.84868792,65.47510362,2.114777264
528,63.16272933,0.54,82.54,6.414316144,6.141263905,Declined,2,127,0.840165819,1,55.03738896,54.99179397,54.12140586,56.84569426,4.835487493
529,61.91109234,1.41,74.2,6.329070323,5.416125044,Improved,10,108,0,1,43.10065232,48.53013014,45.77318056,51.90659294,1.571257218
530,87.4710515,9.51,95.14,6.289070724,3.557162933,Declined,11,179,0.98976645,1,87.55973069,89.93322186,91.99800782,87.55816233,3.319318304
531,76.6380828,2.28,66.5,6.920788552,2.805363704,Same,10,49,2.233581664,1,84.7095555,84.58442071,83.10621737,78.80018488,2.13020107
532,87.92960478,4.47,56.46,6.587708415,3.567602582,Same,9,34,0.727746698,1,94.98447203,99.07330353,103.9605288,97.23184159,2.116033161
533,88.57272778,8.57,66.4,6.880669395,6.111505079,Same,1,19,0.504156403,1,94.81502604,101.7660638,95.96537984,105.2452613,2.61987435
534,71.68404799,0.5,57.53,7.463477554,2.267835161,Declined,4,92,1.607942021,1,70.54874381,73.33779534,73.03745925,65.47494634,4.995171743
535,78.20787239,9.29,69.52,6.735529641,5.463825932,Improved,6,153,0.375509284,1,82.29430783,82.34607093,85.6239291,80.486994,1.219865227
536,87.13411182,1.01,58.73,7.554274146,1.967591272,Same,10,30,0.374087702,1,91.96211514,85.40293398,94.0700482,94.04434533,3.314167273
537,77.69819815,2.12,76.1,6.699447261,5.6855681,Improved,2,104,5.392336848,1,86.73060649,81.40503817,90.92530899,86.46108224,1.330288632
538,68.55169137,0.78,87.34,7.922823744,3.661901271,Improved,8,152,0.717275125,1,53.6041456,52.07802207,50.51787966,48.69262769,1.61808332
539,67.91319185,5.44,82.82,7.725200831,3.382527446,Declined,12,40,1.866783148,1,64.77992744,61.73236643,61.98841867,70.38921672,2.758251767
540,68.86615238,9.46,89.69,7.482883103,3.760519037,Same,8,142,1.29400432,1,47.10376783,46.16891132,41.60299667,58.70397144,3.041840525
541,97.92554198,8.47,77.15,7.033605736,7.748310338,Declined,9,163,2.55626913,1,92.4728065,92.75605612,94.67031265,93.45346379,2.035169633
542,72.36601844,6.58,59.19,7.649651395,5.750208876,Declined,10,91,0,1,73.33960489,75.98806867,77.23428741,68.81926345,2.265828523
543,68.95871646,2.26,85.13,6.653378621,5.656521271,Improved,1,147,4.162469078,0,52.5753543,52.22286041,54.86421863,44.83055168,1.347868081
544,74.8380593,8.76,94.97,7.036744664,5.529894476,Improved,10,175,2.376547656,1,76.94353764,79.37604586,85.31599981,78.23341755,2.212879135
545,82.20329748,7.67,94.48,7.511414742,2.260094315,Declined,3,31,0.233695356,1,73.99705323,74.3194253,73.96907313,79.51643994,4.866233758
546,63.5231827,3.04,94.28,6.991912637,4.462848775,Same,8,94,0,1,59.69894949,49.82161666,63.04265777,62.07478822,4.778829527
547,65.52576758,8.15,80.01,6.139794731,6.925771996,Same,8,60,4.125236229,0,46.24566757,41.5489906,40.78716319,46.23364837,2.339513161
548,74.10331804,8.83,42.13,6.89929275,3.860998579,Declined,9,38,1.907505378,1,76.93652576,76.21608798,75.00102725,73.9901675,3.283415745
549,73.27353883,7.13,71.22,7.267996676,4.265371478,Same,11,142,0.538443778,1,68.61692355,62.56844984,72.09461234,63.15610539,4.638381564
550,76.0836294,1.45,75.78,7.2383756,4.44280115,Declined,12,85,2.386218187,1,82.47751155,85.4771552,86.7230221,86.65126818,1.024735291
551,78.41624864,9.85,67.4,6.6052578,8.394622726,Declined,5,52,0,1,68.60899256,76.26274672,67.13915782,73.17785067,4.242734281
552,79.25008949,1.22,98.75,8.195105643,6.247022457,Improved,6,79,1.297637569,1,86.86998252,92.96379178,86.51198626,79.14133358,4.793478211
553,77.93725936,6.72,79.29,7.132219973,3.266864975,Same,3,92,0,1,70.35487613,69.28766178,62.7655074,78.30407102,1.365302937
554,73.70530408,1.55,100,6.752688557,4.098666157,Declined,7,35,1.007567303,1,70.85158843,78.30521912,69.06644243,73.72194454,1.645790744
555,83.53561221,9.1,70.72,5.776186137,7.62596452,Same,3,122,0.124418694,1,88.21594815,88.95928543,92.66786396,95.21392137,4.842985211
556,71.83455836,3.82,67.51,7.030219435,4.444060968,Improved,9,117,4.584954634,1,62.19155764,60.50612779,65.06758272,55.4809189,3.150160575
557,59.87629542,5.36,89.94,7.842311059,3.780970191,Declined,6,120,1.618049539,0,47.37083756,44.30382425,49.87416617,40.54171679,1.056786538
558,61.84335917,2.2,68.6,6.747630386,2.820791728,Improved,4,109,1.632086092,1,41.5830472,40.07069876,41.83191563,40.83820065,2.030527995
559,88.41794735,5.69,95.18,7.52101272,2.904959933,Improved,10,58,0,1,81.53254906,79.59166497,81.56786486,84.0464712,2.799774697
560,73.16803873,9.42,72.35,7.505089481,4.312542952,Same,9,131,2.526676147,1,74.11702532,74.96910644,70.81541963,83.09882944,3.771635644
561,85.22124434,9.07,94.04,7.500035558,4.355147462,Declined,5,125,3.550020382,1,78.72438725,79.52725715,82.21852935,82.25478181,3.932641513
562,73.34700261,1.11,70.99,6.965048117,6.686429151,Improved,2,130,0.982972299,1,51.71302888,51.72825898,53.8178936,50.4996225,4.981686052
563,59.66944063,4.09,94.24,7.057527743,7.711866732,Improved,4,123,4.72220347,0,47.50043116,49.68512201,49.9605254,42.36858512,2.150044798
564,53.12470528,3.04,82.81,6.755915939,2.40413238,Improved,13,168,2.735922284,1,40.79995661,46.75318799,38.1697824,46.94995948,3.152880407
565,71.15096237,5.07,88.17,5.419932313,10.04288997,Same,11,60,2.659729765,1,59.28231573,64.03008641,48.51560114,54.45878861,3.133294191
566,73.48569877,8.42,93.48,7.776232981,3.572682537,Same,13,142,5.200759076,1,72.44547278,65.02098293,77.93123634,80.58781555,2.622581038
567,80.12972734,7.52,74.52,7.537649753,5.274410164,Improved,9,140,3.392923041,1,61.57342248,48.80381681,59.1792352,60.15149923,1.676647575
568,72.20459806,3.77,100,6.617511522,5.590212338,Same,10,141,3.604479485,1,64.06112071,68.73272027,59.74724189,72.01403107,4.909826253
569,80.85336706,4.14,78.12,5.756950634,5.451115303,Declined,2,58,6.439104946,1,89.7287282,82.89433471,93.19612276,93.12338465,4.413268747
570,63.84122779,6.72,97.54,6.900932104,5.906096237,Declined,8,87,4.683429434,1,59.15405069,58.03022368,57.19398749,58.46907324,2.993332113
571,79.58423575,2.35,70.8,6.147444879,2.531350176,Improved,3,175,2.22803665,1,68.2694219,62.41885677,73.56910382,65.67244004,3.412981691
572,78.69453798,1.48,100,6.442805741,3.836423703,Same,7,27,4.091030237,1,83.1009157,74.09101351,86.18594545,81.39637631,1.909044214
573,71.12407051,2.8,99.58,6.807347008,4.327837672,Declined,4,117,2.8459544,1,61.80985303,64.51716667,65.22769964,63.95143649,3.175148282
574,81.88639798,1.68,91.18,6.063878833,1.974027095,Improved,14,94,1.842911288,1,74.21476851,78.01054431,67.38498996,74.60055099,3.779880532
575,81.29371023,3.84,85.45,6.951789289,7.288931757,Declined,10,168,0,1,87.43000398,84.54745198,93.48972391,84.46094694,3.060668114
576,85.88217301,9.41,79.02,7.779327707,4.538325588,Same,14,54,4.55728891,1,92.2236343,79.26842284,93.52988696,91.39547725,4.961140682
577,63.96167868,1.64,65.74,8.06220543,6.578035138,Declined,3,78,3.921158796,1,48.08904145,45.35781921,46.24265575,48.4819266,3.445366625
578,88.89778225,8.27,100,6.980087197,6.393844462,Improved,12,105,3.606502299,1,90.96231938,92.92133941,91.67926172,80.31864891,2.48389485
579,76.48691974,5.58,69.65,6.221116923,4.009712155,Declined,12,95,2.609980989,1,67.06639612,59.67183828,58.18521995,69.35723669,4.08860811
580,66.00115202,6.51,68.69,6.945163466,5.680388653,Same,4,151,3.576932495,0,54.20344136,55.12024096,56.24670541,49.30483523,1.681850046
581,72.9444786,2.12,71.29,6.899138932,7.65082512,Improved,13,173,1.467824585,1,65.25246659,65.17591735,60.10560905,59.48580458,2.538063255
582,85.09200076,1.94,47.22,6.14883039,5.772867694,Improved,10,21,4.181570316,1,93.90179164,96.79824914,87.13844021,85.46506991,2.387835802
583,66.15893555,2.05,91.92,7.585413275,3.833625965,Improved,8,54,2.676051178,1,67.09399517,67.69189701,59.48219924,58.12453268,2.72722838
584,70.32867357,6.84,77.2,8.692399585,5.92216658,Declined,12,41,5.098733464,1,58.08133857,53.21599386,63.64478044,51.30410105,4.127119304
585,86.8794823,7.6,60.56,6.756553591,3.873612082,Declined,12,139,0,1,74.83704699,80.8199045,71.69073002,71.2919422,2.936692129
586,62.18540881,9.24,87.96,7.537495649,2.606410753,Declined,14,180,0,1,53.20800903,52.41536117,60.87664758,62.97430472,4.176057801
587,58.22109297,4.28,93.51,7.509406542,4.123077976,Same,2,101,0.062077075,1,44.17248305,44.03596035,41.49347573,41.54308467,3.305955613
588,59.19055349,4.89,99.63,6.618274447,6.952400613,Same,4,56,2.771945301,1,47.08838471,42.42204491,38.55159492,47.97713524,2.368277739
589,67.14421946,4.96,94.03,6.494354956,2.144523402,Improved,5,75,0,1,47.04252114,44.82610989,41.45989894,49.04492808,4.239914975
590,66.41975134,3.06,77.58,8.272263758,1,Same,11,125,4.697572231,1,48.35464814,43.93063457,54.53370624,49.00997407,1.953158682
591,63.02505879,3.62,85.64,7.124732699,6.889393388,Improved,5,53,0,0,47.6354945,46.7707642,46.85600361,47.24827719,1.897531919
592,73.03396017,8.54,88.67,6.597556741,6.362718856,Declined,6,41,2.805123949,1,75.24811096,83.80665336,72.50667448,69.27164215,3.018011696
593,65.46358628,3.77,100,6.829839328,1,Declined,7,142,1.318342516,1,50.00340464,43.14389893,50.80349577,57.25804238,2.043396984
594,61.68273965,8.76,72.42,7.128714026,9.552582573,Same,3,136,0,1,59.01170058,50.94389359,61.52061426,68.0476838,1.03634814
595,85.37881411,3.4,85.67,7.95813803,8.089858483,Improved,10,122,0.792497076,1,89.32336254,96.67921418,94.91035662,80.91006907,3.593190109
596,77.39156704,3.73,78.82,6.508579006,5.081092636,Same,14,17,5.654421107,1,66.06789021,65.02127183,73.31038636,60.94774726,3.044375286
597,72.10184213,5.82,61.82,6.583434364,5.393118006,Same,2,53,5.031919751,1,76.71567562,73.37031193,74.91683239,75.31662391,2.782071258
598,57.07620507,1.48,98.26,7.301074164,3.15487809,Same,11,150,4.374325791,1,49.47759292,54.67711635,42.84735449,44.65490394,4.867874058
599,73.18513748,9.26,100,8.366689605,8.679957501,Same,3,118,1.205812462,1,50.57589603,47.54781834,48.50857023,53.1057238,3.284796736
600,58.06508875,8.29,76.01,6.682043026,4.834974099,Improved,8,38,1.723251721,1,42.24777389,51.37782246,43.54917643,38.60641288,4.453726311
601,70.32545346,6.87,82.1,6.788715517,4.176393144,Same,14,144,0,1,49.29142847,52.68105783,44.47263384,60.11670881,1.557800945
602,66.891246,9.89,78.72,6.974641641,5.293865805,Same,2,16,2.213215139,1,55.32246865,52.88291161,50.53671407,61.27521162,3.276825853
603,64.05801423,0.65,79.41,7.046415461,4.896544292,Declined,13,78,3.062589297,1,49.73557664,60.5221177,51.45451604,50.79844679,4.471918507
604,64.63138318,4.41,87.96,7.275365932,3.125788865,Improved,12,136,5.303160881,1,44.87863936,41.85006474,44.6353776,50.01357067,3.332423029
605,58.89749217,8.65,83.73,5.91070154,5.105199769,Improved,9,140,0.40265605,1,46.63497291,50.34544977,46.79895789,52.16447503,3.872056713
606,73.33390184,4.61,85.4,6.667627507,4.426943495,Improved,1,69,1.942494496,1,65.34283224,66.83929514,61.55035557,62.5230948,2.488174271
607,63.76673018,0.55,100,7.28757684,1.551896928,Declined,5,110,0,1,51.34835451,57.85706096,50.19635094,47.26726829,1.369798068
608,63.41495396,2,62.05,5.546242129,6.959337041,Declined,10,15,2.576145564,1,60.03484236,67.84239834,55.41367664,60.42555767,2.831601181
609,75.53138532,4.62,67.41,6.063252064,7.719932414,Improved,7,170,0.125683103,1,67.6879499,67.84797064,72.13894195,71.99613052,2.577917563
610,77.66931875,6.85,68.69,6.051724155,9.120499066,Improved,7,74,2.444163895,1,77.97171557,74.20462622,83.14796225,78.66701757,4.46824073
611,60.2959597,2.05,67.49,7.294945687,1,Same,9,94,3.817622629,0,42.16216769,44.46202841,32.93122838,34.27718528,1.975981209
612,75.93298125,4.76,72.27,7.779200673,5.110999542,Same,14,19,4.458402836,1,83.96757194,80.57899509,79.32001764,79.95344972,4.86693691
613,85.22426255,0.62,82.71,7.407268776,5.976410483,Improved,3,97,4.196500631,1,74.53452142,84.60145766,67.05187515,74.1646571,4.832552479
614,66.63194431,5.04,73.69,6.043472319,9.225679395,Same,9,153,0.729384258,0,44.49674676,45.17942341,41.24662709,44.11841874,1.990526572
615,88.84419158,9.01,82.78,7.802329116,6.425711482,Declined,2,29,0,1,88.04682433,86.22021657,87.62963448,97.90953521,2.392207822
616,83.7967675,6.17,98.69,6.676727382,7.810228874,Declined,11,165,2.019081067,1,90.64798203,91.57138356,83.39975593,83.71804232,4.582222963
617,53.03372945,4.69,71.23,7.353573973,4.438491951,Improved,2,19,1.041260912,1,43.35928779,36.62365634,38.74998873,45.887234,4.866488884
618,77.37872224,2.04,84.59,7.506258283,1.44414634,Improved,13,110,0,1,55.22827065,50.37020046,50.20848379,62.67383619,2.773756411
619,81.86504765,2.42,69.21,7.337255838,3.555864934,Declined,9,15,2.319075953,1,84.34107039,90.34313993,85.37740704,95.69831912,2.283988183
620,76.83314251,1.23,91.03,6.410630078,4.988056502,Same,14,151,1.82282351,1,81.15428297,77.86981158,81.50100466,79.13229586,3.104376053
621,67.1583359,7.55,75.71,7.605687177,3.288045573,Improved,10,96,1.477876508,1,50.14865606,44.91410115,46.5399683,52.60580333,3.751076825
622,71.59271033,1.23,83.64,6.874251863,1.664040427,Declined,13,49,0,1,51.51421278,54.19747655,52.39831714,54.36301457,2.093898061
623,70.07273005,4.15,82.47,6.94938456,3.698736935,Declined,8,34,0.411487688,1,60.37596565,66.30448643,57.64256523,61.35337431,3.945892698
624,79.71725793,7.62,74.49,8.025675051,2.509717519,Declined,6,46,2.061245134,1,66.64876419,70.24353074,65.29048863,66.15453818,1.206629428
625,82.41700591,7.27,100,7.187692448,4.740860922,Same,7,92,1.740675558,1,74.00401243,78.98425086,82.37127289,76.18388938,1.197177971
626,64.76321915,5.99,86.87,7.264970399,5.988897064,Improved,14,178,1.223969941,1,60.29025018,56.50627473,66.99255544,47.62901975,2.545150821
627,69.35075417,5.93,71,7.691238311,4.068464471,Same,8,31,0,1,65.43940939,58.33035605,58.9415032,68.84975684,2.413892768
628,85.34313662,1.36,86.97,7.746602306,6.030115867,Improved,5,15,3.014507946,1,81.1109016,88.61756986,85.25956369,81.74179112,2.262532861
629,47.44572526,2.16,80.41,6.795615762,4.550711433,Improved,10,72,1.822521438,1,42.01757616,40.40417696,46.07455893,40.90520168,2.964079051
630,66.1947375,5.58,60.37,6.343755022,7.08800518,Same,11,123,2.634559837,1,53.88403194,52.62986686,48.1427155,64.11834292,2.282934329
631,72.4629576,3.81,90.18,6.756803229,5.60926191,Improved,4,175,1.260613542,1,79.23422722,85.87519793,83.32811544,75.85955713,1.769031674
632,82.23541903,0.68,78.25,7.957240481,10.10999746,Same,4,168,1.098997377,1,89.23637607,92.01752612,96.92603566,87.22099613,2.237878196
633,72.57702921,8.08,64.1,8.164260041,3.127241913,Declined,2,128,1.399148619,1,68.14225932,70.42169818,62.52953529,78.10002583,4.899617091
634,72.84189896,6.71,89.44,7.090531799,8.236407005,Improved,13,168,1.598105592,1,69.26624169,80.09125341,64.67872758,65.10593517,2.644453668
635,60.18592405,3.59,88.25,7.338392816,5.777472258,Declined,6,21,0,0,45.89446062,42.67686947,50.98276796,43.14388421,2.778851107
636,66.81812184,1.43,79.97,8.329538192,3.434689194,Declined,1,145,1.372800962,1,64.60768018,69.24688082,65.96515673,63.87255306,3.30617996
637,86.10653116,6.12,77,6.899177648,10.64138839,Same,8,106,0,1,69.29394966,69.57901528,72.05133103,73.49762207,4.933363074
638,76.00524887,3.81,76.67,7.383975772,1.914384974,Improved,8,29,0,1,53.3358777,54.67883909,55.03882378,54.37489024,1.966405106
639,61.59385975,2.93,70.42,7.062849618,6.109338788,Declined,5,134,2.796184888,1,54.8083777,62.45071983,56.76185731,48.34525097,3.725128442
640,78.28589824,7.35,72.28,6.834860926,3.323102098,Improved,10,178,4.303410353,1,60.75062897,63.28980775,54.11826833,58.08978616,3.863938774
641,58.55463049,3.62,74.46,6.677562805,7.483831316,Same,7,16,0,1,41.10391588,43.79539627,46.34050441,38.06714371,3.429297667
642,69.50311442,1.79,66.32,7.172846367,5.006969959,Same,14,65,0,1,57.71435411,63.07689079,63.56230407,57.32824888,1.354313359
643,65.49845039,5.08,79.23,6.378997948,6.693283537,Declined,9,20,3.430853142,1,51.62964038,49.80487674,50.48268666,53.75885868,3.707489103
644,65.70743398,8.37,66.21,7.399384452,5.985729805,Improved,7,174,1.164291518,1,58.01235437,53.81630603,57.79496962,60.10338315,1.256378844
645,68.21272034,8.57,92.96,6.377368913,2.737721921,Same,3,77,0,1,46.58691725,41.36287128,38.93137974,37.70685848,3.384570598
646,85.11893287,8.57,54.9,6.499742323,2.626151776,Improved,10,140,0,1,88.97900044,79.14721749,91.55027422,94.29870538,3.958324709
647,73.94103536,4.5,66.18,8.743412281,7.386890924,Improved,13,97,0,1,72.64758495,82.9286206,75.50787215,73.91042918,1.843879562
648,72.15236656,8.01,94.5,7.144163007,5.626937013,Same,8,66,0,1,77.35062755,71.83458572,77.03967247,84.27328779,4.36648803
649,77.23423399,8.58,96.98,5.943380464,3.315405528,Same,2,36,1.299299243,1,83.40441812,82.29815001,89.02618492,85.62540976,1.121415222
650,65.50025989,4.87,96.88,6.003456065,5.97286747,Improved,14,142,4.0032452,1,67.41432094,66.03025444,65.74393479,72.92093573,4.375251455
651,62.45142566,3.53,53.2,5.567028175,6.014533413,Declined,12,179,2.624103358,1,44.78061584,46.31764933,47.60364547,47.1133424,2.841316203
652,68.78710194,7.17,77.01,6.343112949,2.999864137,Same,11,85,1.363427586,1,69.5408598,73.61954586,64.44253811,76.27198858,1.87035176
653,74.81032818,9.09,81.44,5.752469694,4.674313513,Same,14,18,2.509057802,1,72.27626149,76.57862893,72.15850074,74.88751467,1.53511258
654,87.35009481,9.74,100,7.325929121,6.447613404,Same,13,133,2.442937548,1,80.99917108,78.08378389,80.12739979,80.50959485,4.81322867
655,77.86713539,3.26,83.85,6.618451834,3.580078762,Declined,2,93,0,1,63.74127504,62.90566647,64.86781465,75.10344864,1.29066235
656,63.34707386,9.58,91.08,7.015100713,3.708705857,Improved,10,165,0,0,47.01691665,48.42981641,45.16928201,51.46210227,1.79637368
657,67.36841378,5.24,72.79,6.443341106,3.131023019,Declined,12,99,4.621018325,1,55.60767482,54.36421919,54.95031184,58.47639692,2.39128939
658,79.3841359,3.41,100,6.969061683,4.095495919,Improved,12,32,7.188595786,1,59.9695263,68.00625418,64.09976216,53.58800422,3.480939396
659,80.36650474,9.89,99.61,7.244486223,7.310434102,Same,3,120,4.498928525,1,75.52544827,77.98032303,73.34162709,69.08391019,3.179204341
660,74.05737108,8.84,96.52,6.984407263,6.63759482,Improved,5,136,3.058994985,1,71.39280676,75.06719569,63.35992125,72.85638417,1.50257397
661,62.66256938,7.08,81.96,8.243791598,7.279006569,Improved,14,78,9.30351743,1,59.58531992,62.89972627,68.33323945,60.31292591,2.158911935
662,89.09853543,9,93.02,6.694756592,4.518928112,Declined,6,91,0,1,94.25833868,100.125708,101.1656091,91.18772586,1.955007084
663,80.8054264,6.97,84.71,6.166326093,6.493046131,Same,1,76,0.039837325,1,73.31761506,74.22272286,66.85630159,74.02252856,1.854171418
664,63.36547915,4.68,96.37,7.904649475,3.486905463,Improved,10,46,1.266784611,1,53.04747355,46.56331381,56.49601257,60.99060819,2.644577346
665,64.25503177,9.51,100,5.836116953,6.840699206,Improved,2,133,2.699108034,1,45.59803599,47.59647575,43.08316214,49.07504837,3.81612581
666,62.38575985,9.65,65.44,6.344148238,8.029956905,Improved,11,133,4.179454486,0,48.40725266,45.15046819,49.72468873,42.70221011,1.869811729
667,65.84367553,3.48,85.56,6.713056584,3.474988661,Declined,6,46,4.35750988,1,53.52767506,50.88459165,54.99879571,52.97013093,2.466715519
668,51.97962748,3.87,70.6,8.316155148,5.745846834,Same,6,151,1.801784225,1,48.83747553,51.76929562,47.66543653,44.81264313,2.563669707
669,64.02168614,4.14,83.69,7.147092017,6.650577236,Declined,11,110,0.756560098,1,50.26118632,56.45260168,46.34235799,48.32268674,4.905826118
670,72.68696365,8.31,82.22,6.741032699,3.529961927,Declined,14,39,2.165716413,1,55.68023428,55.78659216,52.22752902,53.61215595,4.818665428
671,61.61076109,8.02,76.69,6.231850311,4.825992493,Same,3,116,0,1,49.53554774,51.0797128,44.95458816,47.14731983,4.200550331
672,84.92368102,9.84,78.1,7.303660239,5.896686622,Same,14,31,0,1,89.32209835,97.83317308,85.16298731,83.04642149,1.966635683
673,58.42667447,4.92,80.37,7.746597255,4.960874858,Same,3,160,0,1,44.41285601,45.61662191,44.07696456,43.7745826,1.272149256
674,76.22627159,7.5,84.71,7.544100853,2.39398428,Declined,11,32,3.264217576,1,68.84812643,81.856542,65.26932648,66.04508824,2.267616551
675,70.20329675,8.64,72.59,7.259542723,6.603902848,Declined,7,94,2.675984073,1,62.57182548,65.39937371,65.98208581,47.92458203,2.067178198
676,82.31920426,2.6,84.87,7.268232057,4.239494505,Same,10,168,2.459147586,1,94.03082393,85.22701013,101.4670547,104.2956841,3.023703201
677,69.74382715,6.4,78.64,6.67325318,4.491462401,Declined,6,21,3.036808318,1,46.16213962,49.92884772,43.26187341,51.60598789,4.11091164
678,75.58568904,5.7,58.67,7.630565962,1,Declined,13,71,0.763635717,1,61.88205795,63.78784987,63.07908045,60.00055432,4.433291756
679,83.6359031,7.56,62.54,7.004134272,7.644485369,Improved,10,47,1.063144862,1,93.32087383,99.7696376,95.81929938,93.41496908,4.379456342
680,86.29038751,7.11,58.08,5.891899139,3.341847219,Same,9,78,5.579533303,1,87.60289192,90.96879868,89.96290328,81.74462019,2.438702245
681,85.15654197,8.22,67.65,7.429844096,4.380000103,Improved,13,171,0,1,84.9389639,84.24668398,85.31874024,93.41757829,3.748937374
682,70.30383392,3.46,87.69,6.467007722,6.808132883,Same,4,59,2.236536181,1,54.18465549,48.06316431,57.89806758,63.67109896,2.25133679
683,56.22812917,2.56,70.8,7.022174112,6.200508309,Improved,13,16,1.781824501,0,49.39881731,48.35370102,51.81006207,50.18228595,1.243622173
684,83.42072125,8.15,69.28,6.625903777,5.665319845,Declined,11,33,3.699745682,1,76.7753771,72.52277482,70.58706498,81.89303032,3.806261062
685,82.70934489,3.93,95.08,7.012035474,7.061223502,Improved,10,140,1.326059009,1,91.1156794,88.21306215,95.46145972,91.9921133,1.03931021
686,73.52183989,3.23,88.06,7.097557296,5.132433636,Improved,8,180,0.99931213,1,70.62195912,73.56485114,75.0584133,63.93833192,2.63673035
687,88.90875772,3.7,90.19,7.015048061,7.295787423,Same,5,113,2.844110041,1,71.43869792,79.78822044,67.6222674,69.37958108,2.317517077
688,69.20879198,1.13,86.06,6.631299451,4.126422524,Same,6,165,0.172644899,1,55.39885015,57.3722078,55.58853933,56.05848999,3.773510154
689,79.22944329,7.84,73.84,6.906187715,3.544986222,Declined,3,58,3.658706619,1,82.32211133,76.34269602,85.73875629,80.04937273,4.064981891
690,54.11723122,7.29,92.68,7.603501944,1.673961276,Declined,8,49,5.190746396,0,50.28740617,52.51041951,49.24083707,49.19413978,2.216378544
691,75.84999967,5.75,76.39,5.452990816,5.679525604,Declined,10,119,0.608930375,1,57.802358,63.78551544,63.16724824,57.34536021,4.246508058
692,64.97345371,7.3,86.74,7.559513061,3.622210425,Same,2,40,2.900195831,1,63.39900412,60.3500896,75.2183666,62.99461163,2.175667042
693,68.9420909,4.04,59.5,6.736937188,8.328531163,Declined,12,136,0,1,67.91857083,67.24848499,63.98864066,68.17986328,2.78530544
694,65.00950615,3.31,81.98,6.679840127,6.353583485,Same,7,106,0,1,53.33253528,53.40597626,46.42731227,48.02950995,3.908074108
695,70.24007164,8.69,64.37,7.736356761,6.984345892,Same,9,78,0.140243862,0,46.31602536,42.3915338,47.83511834,42.73094462,3.771680917
696,80.6582511,4.51,63.93,6.912926921,5.045890919,Improved,6,26,2.935990205,1,73.58410233,76.8255045,77.19191486,67.16118101,4.949473889
697,67.14815266,2.36,100,7.035760608,6.434327212,Same,13,40,0.800808725,1,55.87468043,55.26993969,54.72034856,60.76375818,1.900644097
698,77.52551141,7.62,83.86,6.439412879,3.469370225,Declined,2,134,1.922863743,1,71.96810218,74.0657644,79.23440549,61.43986747,3.649271654
699,61.24304621,3.69,83.7,8.01257613,1.403058857,Declined,12,22,4.699408524,1,48.48994934,44.05248845,41.79692034,54.25790106,3.438727633
700,73.92962125,2.51,100,6.768168711,7.366751428,Declined,6,140,0.34771774,1,66.4627056,64.2754141,69.92729872,73.39445259,4.660393818
701,75.01289312,0.76,74.43,6.28724051,3.781441836,Declined,3,158,1.838181317,1,69.29241879,72.90432558,66.26311469,67.78151586,1.625448567
702,66.26899674,9.72,85.29,6.984978009,3.760699393,Same,12,161,4.371009588,0,42.85029453,40.98612876,51.44718406,29.83460909,4.007192654
703,74.09250826,4.94,72.03,6.445893395,6.786210329,Improved,10,47,0.764531243,1,58.5132353,67.14805456,68.47581207,56.70668249,3.273074465
704,66.16629053,2.04,83.4,7.302577398,6.241467793,Improved,9,131,2.56413345,1,47.39280723,45.3946263,43.55952429,47.07188643,2.098663479
705,59.9310739,7.7,73.75,6.194545248,5.114826056,Improved,12,176,0,0,43.48562338,44.609047,40.7378377,38.43263228,2.897739657
706,90.93301786,8.93,81.3,7.882848325,5.530857729,Improved,11,28,5.831842089,1,94.44781278,99.11076694,98.74575222,91.87172081,2.335106388
707,68.40488841,5.52,90.13,7.195336733,5.889262503,Declined,6,115,4.591117219,1,57.72946147,50.63763281,55.79380822,65.38043747,3.317253611
708,76.86197542,0.77,82.95,8.322084259,6.054376062,Same,3,28,3.587609713,1,84.54309452,75.73905046,84.31603843,87.86773033,4.556002443
709,64.98617905,3.97,100,6.755476592,3.923867801,Improved,12,65,0.180585025,0,54.00523601,46.37695444,54.13217811,49.38241544,3.277219938
710,79.16395978,2.81,68.23,7.412095142,3.809080036,Same,7,136,0,1,77.48264972,83.79557024,67.88428394,69.49465387,3.526889673
711,85.45734507,6.55,90.16,6.005854892,3.717321511,Improved,7,92,2.116259065,1,81.81253229,79.05324156,81.74334356,80.17744571,3.074991388
712,75.46242451,5.43,93.56,7.313693963,5.953373257,Declined,14,179,5.571977213,1,72.76013073,85.55112716,69.31149186,71.69284684,1.204662026
713,66.92235163,3.88,61.08,5.741959814,2.458914658,Same,11,126,2.713563179,1,65.93669037,63.11545238,63.47107626,68.41768631,1.931434228
714,71.60933356,6.66,78.87,6.996876186,4.445038902,Same,13,150,0.86019513,1,62.65125028,63.57400679,69.8694103,59.97466672,2.968006918
715,70.16115753,6.05,77.95,6.646478509,5.531067237,Same,3,25,5.115651727,1,59.18775466,66.89830442,52.90522019,61.74525254,2.240941135
716,86.49123961,9.11,96.98,7.093918844,6.453371145,Declined,4,58,5.056703239,1,91.12410293,101.1545674,95.19012887,100.7998731,1.727054391
717,87.44139129,6.17,65.94,7.056852735,6.009379607,Improved,11,140,1.343694038,1,85.68406743,95.99158531,84.28925278,89.76157254,3.016531368
718,91.63285624,5.32,75.71,6.013624775,5.655867221,Declined,8,49,4.905477756,1,93.07648009,99.11831124,91.67767924,92.83603755,2.291239174
719,60.44711928,8.32,95.64,5.886085646,4.284598935,Declined,7,80,2.680361704,1,46.83634729,51.95665992,50.78820677,45.92059494,2.032430573
720,77.01813828,2.42,60.42,7.780525813,4.740662136,Same,3,145,2.211671457,1,80.19771114,83.16034588,81.89796761,78.41434547,2.85594167
721,80.60336901,2.81,64.03,7.31810386,2.676336407,Improved,4,119,0,1,91.60872513,95.50053051,94.46179011,97.51192969,1.533137032
722,68.47798767,7.94,66.34,7.153455226,5.52876785,Improved,5,111,2.696980936,1,49.96781864,47.21189006,54.80874194,46.83125141,4.710982932
723,69.07274789,4.7,60.32,6.337199616,3.094942556,Declined,11,27,0,1,43.65729471,39.56630029,42.00075279,43.88340825,4.470808392
724,78.80540822,4.39,84.9,7.739335341,6.674953388,Same,1,146,0,1,80.76163571,80.74476342,77.70045204,81.01762522,3.830482343
725,74.59085779,8.93,75.12,7.114426277,6.629107297,Declined,5,122,1.255697328,1,71.59602122,70.74509811,66.17026859,69.08710026,1.42485531
726,90.48420415,6.3,100,7.692184163,4.127879736,Same,8,93,0.637803013,1,86.30058272,84.03444248,82.17353007,79.43825498,4.103509018
727,66.37152962,8.13,86.74,7.161202103,3.618609723,Declined,1,88,0,1,47.68748071,51.16941795,62.43295284,49.30235323,4.231829312
728,84.0510296,8.19,100,7.086745019,8.71477718,Same,11,46,4.295183069,1,83.73970215,88.5162282,89.96310006,83.43468229,4.071058471
729,59.59016877,1.64,96.69,6.121861694,6.286397759,Improved,9,150,0.290631767,1,51.0895026,51.53153703,44.33413077,53.59070495,1.455863548
730,67.89417878,6.71,81.76,6.602967758,4.494144009,Improved,10,123,3.972347801,1,49.00107686,56.38872726,42.38878707,46.33307533,3.575631828
731,59.87162774,9.55,85.43,7.413967972,1.469722196,Declined,5,69,3.061546668,1,49.03461889,43.32617332,51.44394919,55.13872538,4.337299183
732,76.73070388,5.06,100,6.564838408,7.359941123,Improved,10,16,1.004515396,1,84.80160961,83.83331232,87.5379336,80.41774071,3.309413605
733,76.55906569,7.46,70.26,5.791407711,5.042205467,Improved,12,36,4.320105427,1,76.58584714,73.00173554,79.33026631,85.14604856,3.585629501
734,71.45533556,5.88,100,5.582062114,7.228414509,Declined,7,61,1.579629809,1,68.76859836,59.43591528,67.49381939,60.03041581,2.833453918
735,68.75983984,2.45,100,7.046535469,1.539297071,Improved,10,43,5.255552191,1,59.73567663,59.3222732,59.10840533,61.90952695,3.11482928
736,76.9181067,2.35,82.29,7.333657442,6.71013013,Improved,5,45,1.659399563,1,88.24602974,87.6372922,89.88542737,90.62318316,1.137507433
737,75.58632199,4.62,72.88,7.69838893,3.629642796,Same,6,20,0.642005917,1,61.58448091,69.15172962,62.01394594,57.60669557,3.555852088
738,88.09491606,5.09,82.74,6.79622243,5.926891646,Same,8,124,0,1,84.91296917,88.06702759,73.81646731,87.03493886,1.325788852
739,62.33949761,5.28,75.17,6.042021061,4.26249701,Same,10,41,3.289411419,1,64.15241997,59.03148585,63.00342182,70.55001332,2.740058377
740,75.25826084,9.57,65.85,5.589039635,3.792955263,Declined,8,19,0,1,60.73194362,70.00240645,56.47491145,49.64784942,2.170620391
741,68.67105096,1.45,92.72,5.737648063,7.200690321,Same,9,124,0,1,65.44738821,71.55255669,66.32344531,67.96111225,3.181711801
742,72.57276922,4.12,74.05,6.758752203,1.429847868,Same,4,28,4.234901544,1,56.57578308,59.4862716,71.50207809,44.10942898,1.533665342
743,80.21702549,5.39,59.76,6.748615182,3.699627927,Same,11,43,1.742172422,1,81.11851591,79.98609542,82.95592424,76.29019189,3.766573608
744,73.96868855,9.65,44.09,6.915357599,7.770277663,Same,13,113,0.637319701,1,67.64962146,62.85242527,66.08197302,75.79545328,4.180046148
745,65.46036087,5.29,77.93,6.696728404,2.002133048,Declined,7,136,4.252656721,1,52.77169823,50.91066435,57.38070574,49.86278807,1.653417799
746,90.79894679,7.87,66.86,6.737077647,6.311856089,Declined,10,103,2.738140556,1,89.47660153,94.92034463,91.89004097,83.60720171,1.417252349
747,64.35906853,7.62,62.33,7.089832962,6.309500937,Declined,9,48,2.065563533,1,61.11401718,70.53694871,63.21448963,60.12432853,1.582061931
748,77.98690537,5.88,95.3,7.497924726,2.776880006,Same,2,113,0.700852342,1,69.89540736,77.611625,72.92966033,80.23493905,4.508510248
749,90.43463388,1.74,81.97,7.671564598,7.985004211,Declined,13,131,2.543448522,1,89.8559661,87.41171899,100.1386839,80.69755487,3.112757047
750,80.74824529,2.58,96.3,5.640012484,7.539126994,Same,7,178,0,1,74.33308978,68.73500261,68.6786476,69.07654022,2.869043984
751,74.83819069,2.78,85.96,7.57053017,5.59440762,Improved,8,98,2.964634799,1,46.42939224,47.13382347,48.79755262,53.91655065,1.426847276
752,83.20064959,0.87,77.25,6.774775397,2.463158402,Same,7,60,0,1,91.6907668,82.84856997,87.05886115,100.9792785,3.598224027
753,82.04849557,4.1,69.03,6.883797285,7.229065938,Declined,4,67,0.53470946,1,74.52394292,76.13978149,77.30150615,74.0067868,4.471998368
754,68.67945123,6.3,100,8.036091309,4.34588011,Same,2,60,2.677924402,1,58.41980881,57.68179587,53.82637625,52.22454529,4.312743477
755,69.99701238,1.87,87.73,7.407692168,7.902771917,Same,3,124,0.886620837,1,47.659964,45.32978149,45.57312993,58.13918151,3.504218836
756,81.79724773,2.16,84.43,6.173508109,3.579431066,Same,5,18,6.392510033,1,83.67138541,75.69787007,82.19593584,91.64359737,1.301114867
757,75.11262188,7.22,76.51,6.839089744,7.980425255,Same,11,42,1.508955802,1,74.10400158,76.67200211,78.98308517,77.49873651,1.449588109
758,81.20054105,2.11,79.87,6.532446746,6.604015168,Declined,8,29,0,1,69.34036006,66.67685586,73.93263228,65.27834831,1.197235948
759,82.12423634,1.79,64.96,7.130091101,4.634911013,Declined,5,21,0.803313699,1,89.16409207,83.31450789,82.93550519,88.91894536,2.029916866
760,74.62279451,9.79,76.85,7.863136909,1.59219875,Declined,7,140,0.136068583,1,83.37284662,69.01153555,83.64751717,82.57104621,1.542645869
761,61.58682478,0.64,78.65,6.435747591,8.939060538,Declined,14,169,0,1,48.34211839,48.20454386,44.79421911,49.99637491,2.040192161
762,71.6675216,3.59,93.89,8.048986096,6.049600189,Declined,13,84,4.234761403,1,57.14471373,66.00597171,50.85218918,64.39972092,2.540232223
763,73.7936451,0.83,84.57,6.070252105,7.269954949,Improved,7,114,1.626960959,1,53.66690269,61.97319876,52.58181744,58.0639879,4.771931136
764,81.01416992,8.46,85.98,6.450777316,6.089275026,Same,10,105,0.184306379,1,80.91704609,78.63156481,79.37463215,75.53016571,3.441504239
765,67.51312729,6.04,100,6.759278248,3.730022532,Declined,1,151,2.48644523,1,41.84428391,38.83322361,53.97786634,48.72676616,4.339895143
766,68.88109173,0.96,100,6.92780692,6.12341354,Same,2,15,0,1,71.34393267,73.68780395,73.50873179,72.90959337,3.841406003
767,78.75129653,6.35,85.01,6.68828578,8.740572944,Same,8,132,1.188480522,1,81.93522772,76.94330052,75.04714021,85.3705567,1.450012522
768,82.66817943,1.67,80.81,7.436215734,10.90760175,Improved,8,123,0,1,88.22211002,89.73106952,85.39824,95.55481432,3.943681625
769,68.83445095,5.21,50.83,7.16790983,5.345420012,Improved,2,121,4.584866865,1,58.81449618,62.64489757,63.92141266,53.25659493,2.100395526
770,83.00504782,6.86,63.79,6.116073229,6.389748608,Declined,14,18,3.764401164,1,85.16915176,91.30381788,95.61136562,84.99002386,3.556431388
771,66.49692755,1.91,81.36,6.642777045,6.209732296,Improved,14,81,0.79087079,1,46.08474553,45.58397515,38.15482897,43.42747278,2.363847895
772,81.05340383,5.22,67.53,6.391356694,3.723150888,Same,6,173,2.307853147,1,86.55487605,85.53650729,77.15525412,78.71557892,4.990689053
773,64.20108165,4.85,61.97,6.827302669,8.177796525,Same,5,180,1.257642866,1,47.01187643,42.62196349,56.36670231,48.74542632,2.054205918
774,70.69978604,9.2,80.09,6.895747345,3.041503986,Same,4,69,2.719028783,1,61.85080098,57.71639921,63.79887187,74.40858374,2.116521883
775,77.29617304,9.96,95.75,7.203796421,4.750009769,Improved,7,26,0,1,83.85124512,82.71885066,79.50978146,74.6508564,4.722689022
776,63.55439581,6.72,67.02,7.840770559,4.945376946,Improved,9,39,1.187104274,0,48.2454585,50.08228604,50.91860393,48.08405545,1.098577619
777,65.58611572,8.62,94.24,7.343042577,1.27169899,Same,5,175,0.126685839,1,52.60882674,57.17674987,39.43008804,55.81154141,3.786755951
778,79.03654281,6.65,71.28,6.707117668,5.545839245,Same,2,148,0.997348078,1,79.72389126,75.70799651,79.74076879,80.33928227,3.901305563
779,79.95980204,8.82,96.04,7.029414809,6.748770735,Same,11,76,2.784971719,1,79.60200951,87.06545235,81.24111537,79.03636925,4.34551431
780,78.00992761,4.62,49.41,5.948864569,6.948073878,Same,8,37,4.283079274,1,75.26311981,73.9075018,79.88447051,68.76703799,4.897757243
781,76.92210633,6.28,97.93,6.041141819,3.622350006,Declined,14,81,1.663930454,1,78.16716445,78.06032797,73.09768468,79.33109816,4.902407677
782,81.28849586,8.53,80.79,5.646824163,2.812322623,Improved,13,127,1.383255161,1,69.84984438,66.11378599,70.27828019,66.0660245,1.26110703
783,61.07707097,9.22,76.44,6.829432942,4.242951954,Declined,14,29,0,1,53.84894824,41.72774694,49.22182511,42.89933971,4.287357291
784,65.90178928,0.73,72.8,6.805224937,1.847733677,Declined,13,38,0,1,59.01327964,63.43350662,60.29019842,64.98624075,3.585239735
785,78.89375533,1.49,86.3,6.804882632,6.288504891,Same,13,31,0,1,49.98787442,53.67209391,45.51114281,54.77980352,3.589368537
786,79.79243366,9.35,82.09,5.839418951,3.120269625,Same,6,96,2.346679755,1,89.96478087,88.55814309,87.92427668,90.22308576,1.513399706
787,69.27450098,5.9,87.62,7.328547667,2.853324087,Same,14,84,1.839129587,1,72.08654871,72.4215023,67.10747174,73.23192215,3.600748666
788,74.69579769,9.91,57.16,5.876385663,3.209288973,Improved,10,81,4.557868854,1,62.04682792,64.62652401,65.30250913,67.41841799,4.929930322
789,62.31956033,8.03,94.02,7.005466546,7.664337158,Declined,11,126,3.477099346,1,65.4103192,57.59758992,69.70257478,66.53201748,4.647274278
790,84.87392229,8.27,72.26,7.237289018,5.355590041,Same,1,96,1.168728228,1,92.10058368,89.45532029,90.92748083,96.62067145,2.756522643
791,74.94628821,4.17,81.13,7.030672586,3.610652833,Improved,8,47,2.374410828,1,48.43432717,52.40565057,48.62551715,46.94691617,1.159791893
792,68.39664077,2.95,73.01,6.263096944,1.731100026,Declined,6,162,0.812240933,1,72.24264076,65.97119365,64.99968369,78.80255945,2.44917396
793,64.00211624,6.18,42.31,6.449010073,8.70611662,Declined,3,105,0,1,67.82387734,69.291667,66.3254941,69.42780597,4.305561246
794,69.31908546,8.85,92.94,8.077208818,8.737574879,Same,1,126,1.163821609,1,73.62998295,66.84707393,73.37895986,74.60024267,3.805996406
795,64.9898279,7.39,48.64,7.791706106,5.770213052,Improved,2,40,1.711730296,1,40.99606011,43.32821002,54.10002557,34.64575467,2.837374622
796,89.6072911,4.99,74.99,7.658501702,6.495812042,Improved,5,104,0.868253433,1,87.96681499,87.78860758,82.40697986,89.40159426,1.220406141
797,83.07030878,7.66,84.1,6.15848785,4.610432047,Improved,1,121,7.874191721,1,91.26650554,83.19084646,98.58739173,87.10673095,2.707578911
798,78.95722457,7.06,70.02,6.814870499,8.646408495,Declined,5,58,0.109292214,1,71.0823251,76.90602187,76.06661896,67.89091146,2.876099759
799,86.10917429,9.17,50.88,6.436829054,1,Improved,5,59,0.674470846,1,78.31579531,74.64283743,79.71897734,74.23891717,4.714222132
800,94.30546505,3,79.72,7.847576367,3.540376391,Declined,11,175,2.447856312,1,90.73746596,86.68620378,99.53056839,85.40629131,3.564344414
801,78.21738604,1.63,93.15,7.109340518,7.097679904,Improved,10,154,2.639943615,1,78.89812489,79.90097087,80.75865225,89.5219819,2.246611667
802,52.68746509,4.97,83.08,6.381886694,3.070817999,Declined,13,91,0,1,48.38964736,54.13283411,50.33544334,55.04634267,3.101273058
803,71.74353529,3.93,78.73,6.857256229,1.926407367,Same,2,43,2.531404353,1,71.69585981,66.61675071,71.43025654,81.29769732,1.264221231
804,74.5506428,9.76,70.36,7.963035262,6.41374629,Same,8,115,0.568413892,1,73.36932755,73.6777268,79.48717196,67.25485245,4.890272943
805,70.36889948,0.57,71.55,7.057588185,4.41114098,Same,5,61,0,1,63.32718692,65.47126942,68.80953309,63.68345567,2.440239608
806,79.31291947,9.37,87.72,7.696964472,5.812790378,Same,13,64,3.643615562,1,80.50443296,83.969961,77.37604652,74.03689483,2.91146942
807,91.2895659,9.57,64.89,6.977635477,1,Improved,2,83,3.268558996,1,91.39018581,92.27239359,84.79394984,87.91171143,2.421135897
808,91.82527624,0.98,92.82,6.957116775,6.144827852,Same,3,79,5.958213938,1,90.90626821,89.07112901,89.89136502,86.31563329,3.73004692
809,71.53971444,8.95,85.88,5.546545441,5.967179385,Same,2,84,4.884088271,1,64.79616543,60.65821432,60.79597261,70.99408546,3.648928633
810,68.60647064,4.97,96.43,7.237833564,3.499969706,Declined,11,145,0,1,46.22809252,46.65881194,45.91046965,44.24694413,3.861289242
811,88.8714398,7.78,72.97,7.085290655,5.084205045,Same,11,110,3.744822967,1,94.16626594,88.80557088,100.3534566,99.50816261,2.072572918
812,83.39222724,1.25,74.46,6.953720874,5.20388104,Improved,7,113,1.261634845,1,86.13939475,71.53264234,83.85288648,89.1599992,2.262673925
813,67.96094452,9.57,85.17,6.911743869,6.929117628,Same,1,122,0.193307144,0,46.85644747,49.03924649,46.64233056,58.37464123,1.501004924
814,85.68441201,6.27,90.24,6.291138195,7.713921492,Improved,14,58,0.293778928,1,90.64630354,95.16597775,90.93641722,83.24908243,3.622039887
815,94.21120584,9.04,78.95,7.776525601,5.358911937,Improved,2,48,0.816959468,1,87.84429991,76.02963774,92.08645432,94.14046611,1.159188509
816,67.07599074,6.89,79.33,7.271994939,6.243267425,Improved,11,103,4.290391153,1,68.53609314,63.48743962,57.30164647,74.26829749,3.390729342
817,73.68421999,5.6,86.75,7.78751354,8.302898858,Improved,7,110,5.038106003,1,72.52014897,75.61592027,69.48664749,67.65325478,4.478783539
818,70.33997987,2.14,82.63,7.984084822,1.412358341,Same,13,63,1.276074884,1,61.94514871,72.23262606,63.00156717,66.9808154,4.563328593
819,63.70320852,2.19,82.74,6.603057246,3.099710276,Same,2,112,0.643123259,1,43.01189014,43.11585867,49.01228492,44.69261495,2.796151041
820,75.55772658,4.99,59.47,6.587560275,6.676625688,Improved,2,129,0,1,58.43584829,54.79583358,55.97633605,57.29846699,2.837214753
821,81.956477,8.77,80.62,6.675346489,6.334639031,Same,8,36,0.299389436,1,84.15693967,83.24245747,74.77417614,80.03726224,1.307876732
822,53.01623239,1.59,86.85,7.142871928,8.403203973,Improved,11,102,0.171057759,1,40.25476127,47.12914336,43.3533185,36.65921401,3.683060102
823,73.3837967,9.98,70.45,6.390378387,4.37158201,Declined,4,130,1.251651865,1,58.34245444,55.11263355,55.1656425,68.59151492,4.285037681
824,74.7244329,8.82,62.25,7.242213094,5.268675948,Declined,9,133,5.130403691,1,61.89927815,57.90331811,55.95094485,61.90269224,1.978620218
825,65.06908578,4.23,97.69,6.868079572,5.896954708,Declined,3,36,2.385378277,1,69.55675816,67.14304055,66.43503121,73.46740817,2.685203527
826,85.27700878,2.9,64.76,8.185828016,7.006224262,Same,1,123,4.000393067,1,90.5920589,85.82541586,89.66943211,86.63756199,4.355357347
827,61.57380569,9.26,67.17,7.363216669,2.912201526,Same,6,71,0,1,59.04902969,59.66238127,56.02530637,55.14976496,4.508481871
828,66.21795756,1.67,93.51,6.509132856,3.30013356,Same,12,71,1.697848242,1,59.0824261,67.2058184,48.05459582,64.49235015,1.972719921
829,75.76723969,3.8,83.1,4.500749531,8.238236976,Same,9,62,2.429453482,1,80.56256865,82.17796501,85.04789963,73.81468759,3.202282538
830,76.48231687,1.3,100,8.060124832,6.445173804,Declined,6,136,5.633056395,1,64.87198675,63.61021924,71.24636196,62.79591791,1.769972603
831,66.7607835,9.56,82.09,7.023367019,1.95307396,Declined,9,78,2.07679894,1,52.35326526,50.89420892,55.61087522,52.52340232,1.407515057
832,66.01413169,6.37,89.72,6.87081814,3.311187153,Improved,12,130,0,1,64.88417339,57.06821934,59.19574504,65.4410364,4.644482006
833,68.27389788,3.69,76.84,7.094413528,1.69770405,Same,12,167,0,1,47.74713612,52.16268501,46.73967845,46.8516697,4.282030017
834,57.68161301,3.12,62.55,6.193566233,6.009322514,Improved,5,107,4.445175463,1,49.70128426,49.31209827,49.66867768,51.68038316,4.040139607
835,75.3556827,4.72,63.98,7.958307712,3.800436054,Improved,1,149,1.065010757,1,67.4102275,66.50782793,70.40419945,70.87450628,1.195065275
836,67.45039651,1.37,85.43,6.806132127,2.733199862,Improved,12,171,0.006813419,1,63.04089972,79.00643756,66.38260217,66.71408745,4.374915171
837,83.32987687,8.95,53.7,6.750267321,2.867787415,Same,8,157,1.669321107,1,90.31652456,91.8102891,86.64565556,85.38750552,2.752176304
838,72.48718597,5.35,75.83,7.571769815,5.616136556,Same,13,16,2.23507829,1,59.93166445,56.1727092,60.34164223,58.51088896,2.369580493
839,78.57342663,7.39,90.85,7.663682594,6.244890088,Improved,4,37,1.232566336,1,71.93235927,69.80057128,74.21876129,77.90617357,3.185905444
840,84.07211329,2.72,83.23,6.823856039,7.481716421,Improved,2,123,1.478195996,1,74.77453584,80.51676438,82.05364745,79.24777177,1.365412971
841,59.94882906,5.29,76.72,6.46179197,9.21847688,Same,2,66,5.91401594,0,40.72019511,41.28654717,44.24272781,33.85589785,4.026586197
842,79.77953205,2.51,69.83,7.202211183,3.49912014,Same,8,126,1.721353253,1,76.49455546,69.30316557,80.4398389,78.25195496,3.329740308
843,62.70730248,8.25,64.12,6.802698435,5.952829269,Declined,7,21,3.122462495,1,49.79197818,54.38812285,50.21111132,39.90085193,1.746360387
844,87.33938314,7.87,81.92,7.208108986,4.233348901,Same,6,90,1.892789499,1,92.85886746,89.51814703,99.91116319,93.09354197,1.752928799
845,66.28565525,1.91,93.1,8.27182078,7.738393072,Declined,7,42,0,0,48.17645003,57.54293891,50.22526401,57.66528511,1.736994606
846,70.91061417,1.21,88.18,5.662068724,5.363578722,Same,7,67,0.564213192,1,62.8043268,68.20456713,58.49888725,58.06486322,1.22800955
847,53.32836345,8.33,91.88,6.536489839,4.677786614,Improved,4,66,6.423076529,0,44.69423174,42.45762227,51.71108159,40.52261652,3.351193797
848,89.07139641,1.54,72.52,5.952320951,5.581102209,Declined,11,91,3.331830688,1,94.82808385,101.2331657,98.31760021,98.64823276,4.36139271
849,75.63317017,5.71,89.75,5.781172243,7.354914043,Improved,12,76,0.032756664,1,67.62072557,67.96000312,65.40550546,59.90671799,1.069992856
850,72.97222059,5.58,95.19,8.183399082,4.845079961,Declined,12,42,4.613359788,1,72.74617595,77.01004433,70.34871112,69.5824008,1.19601858
851,55.42266795,2.43,71.4,6.541431081,6.03393605,Declined,5,173,0.974342326,0,43.68920626,46.11287034,45.17208398,46.67141194,3.291081107
852,88.00330869,6.12,81.16,6.703403607,7.434579481,Improved,11,149,1.231823161,1,81.24782587,77.0160426,83.56374985,78.07639663,4.277982742
853,68.22963136,5.28,73.6,6.804540375,2.222661582,Same,11,32,0,0,51.54480762,48.32705846,52.53126895,50.36495768,2.306955562
854,83.55108781,5.34,80.08,7.436675609,7.332624618,Same,2,165,0,1,89.39298592,94.54279001,90.94952929,93.11391447,2.398457595
855,59.9561757,3.92,71.95,6.082893048,5.611141425,Declined,3,97,0.76761337,1,51.28268023,49.60880357,59.7824671,53.39041064,3.38538599
856,61.13483818,8.47,51.99,7.578182515,7.537311762,Improved,6,33,0,1,50.48782464,48.46958232,55.8455404,51.82191662,2.096851556
857,67.51806785,1.3,88.26,6.320885758,8.322531937,Declined,3,140,3.564061886,1,42.01023173,37.23461883,42.96340969,40.31462034,1.106433464
858,73.67015069,4.67,94.76,7.927634979,6.468754768,Declined,12,39,0.96552825,1,65.96368198,68.08167731,70.67023488,67.81398756,3.940914072
859,72.78019583,2.97,72.45,6.595023727,2.22099669,Declined,11,142,4.066387549,1,71.06626233,81.37888693,65.90364281,70.44759893,3.502599652
860,64.35543374,8.56,93.83,5.3359957,6.015174153,Declined,7,35,2.402022615,1,43.61397517,38.2763106,45.60361042,45.90300322,3.323023996
861,77.25501852,2.64,75.3,5.659864486,3.102125503,Same,3,79,0.980840424,1,82.65401892,82.7751162,91.70055067,80.16935879,3.966736516
862,79.96965811,7.79,91.02,6.554665783,3.021495816,Same,13,29,4.440199154,1,64.93088591,71.99198869,63.84065643,64.01804104,3.70092335
863,81.18473508,6.31,83.67,6.809606109,5.790714904,Declined,9,155,4.416980647,1,68.84146481,68.44325786,64.60329517,63.89167585,1.823527953
864,69.78810518,8.81,79.5,7.429740146,7.412511217,Declined,13,33,3.634504973,1,64.24195108,66.50381006,60.98150664,64.06691303,2.409924188
865,67.87763294,6.14,89.07,7.258098233,6.521362023,Same,14,92,5.901585084,1,62.04196835,56.73000071,56.59380316,57.98696403,1.504440567
866,62.29944312,5.79,100,6.49196947,4.094554445,Declined,5,114,1.610901238,1,70.78021822,72.92175371,66.85640868,65.20998597,1.519428054
867,56.86120291,8.11,92.39,7.108666913,4.159842483,Improved,12,64,6.948610374,1,48.53821353,47.6024922,46.68567303,49.83151927,3.704782985
868,58.30567471,5.84,99.48,7.10342626,4.805621364,Improved,1,18,0,1,50.00604718,54.93469716,42.97821208,51.06974606,4.434400428
869,84.37505628,8.52,43.57,7.054732648,1.690383877,Declined,4,48,5.828259744,1,87.39820916,93.33513941,87.47630083,91.31257783,4.850930335
870,84.38700669,0.97,100,6.664395193,7.260797343,Same,2,71,1.012957165,1,92.03635042,104.9841686,96.54773629,89.88072257,3.51338847
871,63.53932876,5.2,100,6.425203282,4.966097224,Improved,9,120,0.569471135,1,60.5320124,63.43017826,55.99323149,62.57227663,1.736405293
872,66.0396583,8.22,100,7.494768098,1,Improved,10,110,2.057668151,1,54.89095702,56.51993861,62.48737664,57.64494488,1.422601382
873,80.23667318,8.56,74.08,5.984068124,4.551252459,Improved,3,165,4.805773079,1,75.41997488,76.39189639,77.97393532,77.64384392,4.251403886
874,73.87938645,8.42,58.05,5.612210202,2.322075864,Declined,11,125,1.336157826,1,62.48037941,60.71454795,67.63328234,58.352111,3.315025905
875,51.19977338,6.24,83.29,7.613518908,6.272773716,Same,5,166,0,0,41.39624956,43.08866878,38.10707679,42.14306697,3.473140084
876,63.65287903,9.94,68.73,6.896530824,5.558812816,Improved,11,133,1.019048548,1,48.58839286,47.1113858,52.86101899,50.40909434,4.125848355
877,72.77253241,2.22,63.85,9.353502927,5.846094069,Declined,2,36,1.094261323,1,79.37847259,80.22077747,73.91880308,79.41436492,3.813108911
878,82.62905189,2.16,95.72,7.544128752,5.839417293,Improved,10,170,5.489702956,1,76.24081681,82.82880448,80.69205431,65.80842851,4.337833011
879,64.66587188,0.81,61.95,6.690027385,8.520600687,Same,9,157,0,0,41.49027959,36.45756676,42.34947629,42.29272771,1.224855622
880,61.61409832,9.9,82.32,5.80575182,5.610622819,Improved,6,141,6.003370326,1,52.20846891,57.90786171,54.97472501,63.2711241,3.990082547
881,62.52433089,3.81,93.15,5.490024311,4.568807384,Declined,9,25,0,0,52.70911381,59.29468915,46.83114078,50.90891747,4.403411029
882,76.1707152,7.74,80.63,6.996140867,3.236069267,Declined,11,42,0,1,76.9541009,76.36375826,72.47875169,73.31371541,2.14454017
883,49.27807281,1.07,66.48,7.617925324,5.58433937,Same,4,87,0,1,41.08407958,30.47480508,44.07022067,42.95082238,3.561789096
884,64.54282687,3.34,68.94,7.529763318,6.589351007,Improved,4,166,4.589184568,1,45.72597201,42.68686207,40.98423199,47.28786306,2.256648255
885,80.63346962,6.43,100,7.462667613,9.921043897,Same,4,53,0,1,83.9953847,90.48035743,86.31141616,89.95906052,4.831884266
886,69.76085362,5.49,49.21,7.414980954,1.775161855,Declined,4,150,3.201424196,1,49.81995641,49.7056161,42.98426738,43.53061563,1.13369429
887,72.45847188,2.47,63.31,6.18923654,1.091753597,Declined,12,74,0.716752983,1,75.90103593,70.90452477,80.141907,79.55793719,3.319171375
888,63.45441174,4.89,40.6,6.443356564,6.238714781,Same,11,73,2.045175622,0,53.10005296,50.57617835,46.93743638,56.05216326,1.666014188
889,55.20201201,1.53,100,6.836763844,8.813782434,Improved,2,102,3.758432464,1,45.4692766,49.67237673,48.23077629,44.75854392,3.848880821
890,61.66578244,5.66,100,7.223728162,6.025537369,Same,5,57,0.867562161,1,53.3744705,56.10813835,56.50262517,55.06790709,1.703561134
891,73.95243065,1.42,82.55,7.029481568,3.935616619,Declined,1,114,1.69005853,1,79.72468125,78.53002076,76.24082216,84.87196866,1.941533048
892,88.51152127,6.54,81.29,6.551605823,3.90240318,Improved,2,172,2.083263447,1,87.06330575,85.22918369,89.97343858,91.42488265,2.977483244
893,79.33973703,1.98,94.27,5.878175461,5.263627554,Same,5,137,2.289545815,1,85.66209255,83.70330181,86.96430387,79.94699599,4.6593398
894,71.54342549,5.7,99.5,7.418407842,5.666005353,Improved,9,165,0.87321235,1,61.84509413,57.23304321,59.15088485,65.94588506,1.846857489
895,76.46852424,1.73,91.95,6.726340767,4.616039757,Same,3,97,0,1,76.74468251,84.82156096,71.70190909,76.42123949,1.576960084
896,59.28974179,4.31,100,6.484993821,6.489437516,Improved,7,45,3.142177337,1,51.27413625,49.6625339,41.46100779,51.63850674,4.035907327
897,67.22006047,3.84,100,6.222909272,5.499324088,Improved,13,51,0,1,56.12312516,62.20891777,57.8713754,56.48911012,3.002478129
898,87.64475167,7.69,76.93,7.545594787,7.800025929,Declined,12,109,1.936891729,1,89.29847002,96.90505028,81.47445616,88.54725507,4.64714045
899,54.31875593,6.59,99.21,6.93335007,5.653593313,Improved,9,125,4.759869952,0,40.71510579,45.70666028,41.19182679,46.67364328,1.586458229
900,66.39704855,9.4,97.79,8.078104966,4.260160344,Declined,12,144,0,1,44.7029692,42.54486763,43.38572812,44.2843794,3.583711572
901,61.46826741,9.26,99.67,6.689598836,9.108943407,Declined,8,175,3.206620241,1,51.43374403,53.45239448,54.82945791,45.83601339,1.931516585
902,58.31471598,7.39,74.69,6.470769354,7.273048196,Same,10,142,1.30994421,0,41.45927121,41.33829318,39.94904372,39.49162193,1.627041715
903,67.64289008,7.82,85.99,6.635957808,3.785929739,Declined,3,172,0,1,49.97894893,45.46043963,48.33171,50.87242251,3.733717661
904,72.71646214,6.44,84.49,6.845790441,2.229862365,Improved,12,140,3.041247497,1,72.06728585,73.68908226,75.72663937,78.21335977,3.37473848
905,71.77704944,7.07,78.64,7.881982608,7.292108128,Declined,4,98,3.271657318,1,63.17835028,57.28315133,64.85364043,66.19382371,4.019309833
906,82.97501791,6.36,51.35,7.034844759,5.366291261,Same,1,140,0,1,89.09694411,95.03534105,90.6777239,84.84426772,2.237850306
907,83.12653798,3.46,75.07,6.529074588,5.750757455,Same,4,96,6.432733387,1,84.9593959,82.63630941,87.30573384,97.38534548,2.791886626
908,57.49628164,3.83,87.54,6.895481068,5.744216143,Same,2,71,1.062478108,1,58.79995434,59.80575262,51.12209373,60.1238309,2.621886705
909,57.98573534,5.96,95.55,6.80786545,3.547096067,Same,14,100,0,1,54.26828884,55.6847282,58.05223224,60.64524253,4.936357856
910,73.52137625,7.34,87.52,7.7118447,6.029000704,Same,12,89,0.662179245,1,60.88308245,59.58855758,63.94542642,60.12451028,2.168995827
911,81.41901795,4.36,98.19,7.804266973,6.349644784,Declined,14,143,5.001857751,1,72.46622184,75.39969085,67.3828062,75.13301806,2.179268953
912,62.8193166,1.86,70.6,5.766946586,3.132008229,Same,2,111,1.602132689,1,54.74350025,52.36898196,53.52309788,58.94084277,2.418192835
913,75.9439532,4.86,99.28,7.134458445,4.860558311,Same,3,169,2.787336645,1,74.32818993,78.68467642,74.13165349,80.41916349,3.258376325
914,72.7324167,9.65,100,7.221889671,5.917893613,Declined,14,82,3.665240829,1,62.51764087,55.78774247,61.84515695,67.8044824,2.009290977
915,78.64738548,2.53,85.72,7.40302502,5.49601165,Same,3,144,0,1,70.36259495,70.99449284,72.03189478,74.72357995,4.661159762
916,61.85509319,6.67,74.21,6.731889144,3.583587773,Declined,4,109,0,1,63.9869591,73.6816041,71.14379301,62.41152545,2.062742259
917,63.66760715,9.83,87.69,6.22698346,4.836794019,Improved,1,118,3.938860779,1,56.19561677,51.19396015,61.60445041,53.33688657,4.583262926
918,84.41956904,4.07,88.23,6.256049915,5.548042294,Same,11,119,0,1,92.16493188,88.77620703,85.60383592,93.82796943,1.413900255
919,84.51486033,8.93,92.5,7.292519518,7.230369217,Declined,8,35,2.779715842,1,81.99831868,84.56785793,85.10866863,86.66395904,3.62625081
920,76.34526475,8.71,56.52,8.551758239,6.595173545,Improved,4,123,2.233532632,1,47.70622467,48.60413358,54.35089126,46.59262116,4.627942074
921,82.7428407,3.72,96.82,6.940179092,3.95677563,Same,6,84,3.045566329,1,87.76573867,89.51888917,89.69978128,93.0915985,1.674997754
922,66.36947064,1.44,99.31,8.600649114,4.201866484,Improved,11,135,4.487134095,1,66.8087159,69.25465155,72.26361803,74.07179963,4.87330784
923,86.61152663,2.2,57.08,7.460567905,4.778771412,Same,3,63,0,1,89.20037248,92.37397982,99.26172471,84.61876788,2.811533442
924,88.60099849,3.97,81.49,7.453344498,6.79065473,Declined,7,175,0,1,83.99203908,89.54053829,89.11058681,79.80743556,4.782860434
925,72.23344198,9.61,64.83,7.655954475,3.044486654,Improved,11,34,0,1,63.38674275,65.43583603,64.63328572,62.68486745,3.707280175
926,56.08466325,3.11,82.74,6.938706406,6.859797927,Same,13,166,0,0,41.23581196,40.02952368,46.46125433,42.7738753,2.206347479
927,72.17859709,9.31,82.74,6.39030533,7.6204382,Declined,12,136,0,1,54.77725477,58.14012327,55.50169393,52.1544197,1.7532101
928,78.212669,2.22,72.03,8.149201607,6.035815502,Same,2,158,0.125319849,1,69.78988181,79.28929148,69.90939702,76.5508952,2.214940185
929,72.29024682,9.71,80.8,7.982259031,4.564814956,Declined,12,86,0.203406047,1,74.84130209,74.17813336,73.08423091,76.9616364,1.372069637
930,68.99903944,3.29,67.82,7.0398165,2.568496717,Declined,3,134,3.815804277,1,54.1838227,49.31117618,62.00088949,54.38105794,1.575471865
931,68.81861988,6.51,55.31,7.1201901,8.19199683,Improved,11,65,3.191704625,1,47.66458407,53.19998742,43.57244074,40.48503645,1.418641761
932,88.87003172,1.16,100,7.335660635,9.347090721,Declined,4,23,0,1,85.92116302,85.3192572,93.58300165,79.34208394,2.691774175
933,86.73881509,3.35,99.34,7.651101462,3.904875628,Same,13,170,1.428577278,1,94.14211994,83.27877221,96.64144056,95.54716619,4.182313505
934,72.66608278,2.5,94.61,7.316218831,4.883486696,Improved,3,60,1.584106657,1,68.91296003,73.15006841,61.91642915,58.2499819,1.565534217
935,70.85754947,0.53,79.88,5.992359482,3.43630764,Declined,1,64,3.547451335,1,49.44236072,46.76571979,51.28060719,54.50554777,1.521281733
936,61.43764896,1.99,87.47,8.084152263,10.12972849,Same,6,118,4.030082263,1,54.97690296,54.52423655,44.47677042,54.18613374,3.573715798
937,62.69864006,6.13,78.95,6.300212188,2.42793959,Same,3,144,0,0,41.01148721,42.67138886,44.13902729,57.22695206,1.788731928
938,78.29308404,4.2,81.29,7.063219494,5.533034343,Same,1,37,2.075266926,1,90.28643436,91.23893276,94.71259178,101.8260156,1.390440152
939,68.56503614,7.36,57.55,6.813247304,3.143154463,Declined,8,132,0.494808743,1,46.47630956,50.02356864,43.51452978,45.56906421,1.667394313
940,74.5639755,6.88,88.92,8.237382334,4.791575174,Improved,4,50,0.097178612,1,71.70840615,69.5309743,72.32614463,71.17672114,4.694925584
941,73.87943475,8.09,75.92,7.785460795,7.694970844,Same,5,108,0.160233581,1,55.07303714,57.63856613,64.84382431,60.05094471,4.285885011
942,77.69695885,8.74,100,7.154828774,6.435387645,Same,5,88,0,1,70.47979014,69.18205675,67.95105662,78.99565319,2.416258249
943,71.79795953,8.29,81.25,7.50500746,1.660733172,Same,9,136,0,1,75.82812136,79.52217376,70.53358342,67.63797607,3.623283069
944,89.94103826,4.76,63.69,6.670198823,2.207668738,Same,3,17,0,1,85.6357992,88.71263662,93.04411622,76.70392188,3.149102695
945,73.43281131,3.43,57.96,6.523868818,2.907561184,Same,3,172,3.460587892,1,51.35316995,46.67597644,61.1661059,48.24299592,3.708497054
946,64.71381775,5.27,76.03,7.988113502,5.912586545,Same,5,74,1.142026829,1,40.60477058,46.03468116,40.62324894,43.51845849,3.73068461
947,59.9564155,5.58,91.94,6.017877,3.46490777,Same,9,167,3.791286354,1,47.52870965,44.84889243,52.58602483,50.01307761,3.51493606
948,83.22044288,3.48,74.71,6.355089707,2.74062051,Same,5,132,0.852504891,1,89.5010253,93.54131429,96.20840488,94.84988258,2.064405474
949,84.75911322,5.63,70.83,5.778471884,4.352302725,Declined,9,54,2.497553323,1,88.06395427,89.90039083,84.3515331,82.06546662,1.156025683
950,72.91030831,1.5,74.92,5.807585017,2.636412302,Same,3,133,2.108209969,1,72.85772062,82.048639,70.43119144,61.2770013,2.822267128
951,84.97594652,2.69,100,7.997650631,6.877555371,Improved,13,115,0,1,73.02842732,71.91109741,79.18279989,77.3184983,4.563895539
952,79.01014091,7.59,80.95,8.188462738,6.354961771,Same,8,116,3.248761737,1,76.5770171,74.83043312,85.00208849,72.43603574,3.277989034
953,51.30596993,2.24,70.89,6.964859241,2.09237146,Declined,9,87,4.022302396,1,49.64542032,49.54832229,52.45982463,39.552981,4.329564167
954,86.84310758,1.82,98.05,7.70820309,7.013947884,Same,8,40,2.294174033,1,90.29265703,88.77675811,85.89358526,91.01797576,4.966497372
955,69.77540245,3.23,87.18,6.812473199,7.22959549,Same,9,123,0.740093071,1,63.03237887,67.03208838,72.96768443,66.99825731,1.654464817
956,70.16167675,4.02,61.82,6.730684161,2.445533979,Improved,4,151,0,1,61.07261905,52.99106601,58.41776456,60.46233339,3.767110557
957,72.42714007,3.62,59.73,6.305197947,5.543030845,Same,6,65,2.605752634,1,68.54047379,63.27206169,66.86478488,66.25123186,3.697174295
958,65.32679617,4.06,80.22,6.284170768,3.042597904,Improved,8,109,0.118865857,1,42.58312817,37.24411356,44.29481735,41.78631701,4.919821789
959,70.17123153,1.83,100,6.278826283,8.95906093,Same,1,43,0.230807651,1,49.14558528,53.89712324,56.91638739,47.29267147,4.942402936
960,81.71119026,2.07,84.81,7.069573837,5.886111466,Declined,9,132,0.973209717,1,80.5918489,89.14491577,84.86172879,73.85161334,3.746714447
961,60.58040743,2.74,86.52,6.359925666,4.65916395,Improved,10,146,0.270058186,1,44.55392674,44.03168064,46.62825424,40.98052335,1.974459168
962,76.37999699,4.32,89.55,7.90849892,4.530339403,Improved,5,125,0.600903457,1,73.17336602,72.3292574,75.48980867,75.77976555,4.194223353
963,66.8450986,3.69,89.8,7.81800537,3.783481698,Same,13,126,1.714215663,0,53.49420103,53.84446185,53.71177438,55.10259374,1.428116537
964,66.69347919,8.02,55.46,7.151508979,2.539493974,Same,8,121,1.943600468,1,61.41125877,67.22065029,64.20195634,62.2515578,4.122797217
965,70.833721,5.49,78.05,5.945062597,5.814062778,Same,3,170,2.123851284,1,55.87815552,51.24138985,43.23035513,50.90241311,4.640784497
966,72.08121132,5.97,93.1,6.265818488,6.781144267,Same,8,133,0.621436969,1,59.56199941,60.75384432,58.07896211,58.65448359,2.531333579
967,87.47596859,5.83,77.5,6.652338208,1.823196336,Same,10,103,2.509824628,1,79.54752479,84.42351293,80.75413446,68.66219955,3.52254118
968,74.44759608,4.29,90.78,7.40593199,4.451671455,Same,1,125,3.756766604,1,56.34169436,58.84716521,50.58662394,57.23407768,2.720570928
969,72.14775302,9.81,85.62,7.365074995,7.181284604,Same,8,69,0.601773155,1,71.15225522,72.1001633,73.08387181,78.29654376,2.75106022
970,77.19287793,0.85,83.11,6.594308838,3.169118714,Declined,1,107,2.180642073,1,66.18277212,71.18800258,65.16041602,58.81211146,2.241483556
971,73.49619013,2.55,46.38,8.744685817,3.66627648,Same,10,117,2.867292474,1,76.50191409,62.98575263,85.27929259,73.57227573,4.048518482
972,89.24247834,3.2,91.98,6.50785297,6.887909389,Improved,3,177,1.542988422,1,91.52563566,94.91501226,99.39073429,93.17116956,4.744706257
973,77.56266168,8.87,81.46,6.307727478,4.27241932,Declined,11,109,0,1,80.29146535,77.02108693,77.9624375,86.55567852,4.763003437
974,60.79459429,9.23,89.35,7.341395875,6.763188339,Improved,6,48,0,1,51.82172082,42.66855634,51.06753226,49.58059774,1.699125139
975,62.25776293,8.54,67.19,6.449302649,7.139721618,Declined,14,43,0,1,41.71507243,44.27108543,41.3453346,38.25382078,4.498974599
976,53.83942558,4.46,62.8,7.306263163,4.406368416,Declined,8,113,3.321937948,1,54.42452244,61.29281516,52.16622506,44.57990672,3.949725766
977,67.60976522,9.19,71.36,7.159046527,3.339953847,Declined,14,25,1.284534768,1,72.72928619,72.04204362,73.70441111,73.24647684,2.011349603
978,60.52675045,1.44,49.04,8.192154532,4.898093859,Same,11,108,3.647321326,1,42.82841974,47.59279248,39.0370094,53.03879994,1.269138452
979,74.06228063,6.7,86.51,5.73886055,4.158615597,Same,9,77,0,1,67.3001436,75.36153489,61.64706692,68.68693591,2.071989068
980,74.56658449,9.4,94.45,6.866808113,5.6215157,Same,11,21,2.537295421,1,72.82635669,79.40092896,75.93991281,72.71496179,4.648832947
981,61.2945255,7.67,69.47,6.941579391,4.599937198,Same,3,47,0,1,58.38341399,66.58323664,61.53106192,59.99382555,3.5327147
982,77.11062639,3.14,78.63,6.997147395,2.973277683,Improved,11,145,2.286373637,1,82.40017121,86.11080866,78.37859241,82.34471119,3.884218644
983,64.8874986,7.32,67.73,8.482233392,3.938565304,Declined,8,139,0,0,45.86290392,46.24007212,50.33968108,41.79783206,2.028609404
984,64.97519785,3.3,86.07,6.850839508,2.296252613,Declined,9,170,0,1,44.132578,36.12274894,40.97468935,48.24897757,3.877552622
985,79.94407521,1.56,95.68,6.747269325,3.925701242,Improved,9,149,0.583342332,1,80.05038159,78.82006915,81.31620778,81.17918921,1.112486025
986,79.4101801,7.31,87.2,6.611694411,1,Declined,1,152,2.003614343,1,67.25202239,63.03578941,71.35374245,67.34008865,2.501285383
987,80.91805102,2.2,65.93,7.144352298,8.372807333,Same,7,131,4.616631557,1,77.8621318,88.71684539,77.69406898,72.98530167,3.507013394
988,68.22047354,1.56,78.81,5.990197182,1.953830981,Same,8,73,3.406999464,1,63.91550362,63.03607456,66.18920818,70.43304328,1.584386262
989,65.37354565,5.74,68.11,6.895014508,4.410308604,Same,10,36,0.218482967,1,53.55211183,54.16813586,50.96996361,56.87562555,4.292014298
990,75.51098295,6.4,100,7.516461879,3.537276506,Improved,12,165,0,1,85.05062747,87.80805435,84.06829455,82.28602329,1.940125195
991,81.44324172,0.99,80.64,6.531609052,3.697304235,Improved,8,91,3.463282253,1,83.96787334,84.18588558,82.93857619,88.97699761,3.609124451
992,84.66465604,0.54,68.7,6.267537878,7.211120336,Same,14,96,0.430269661,1,78.2083059,86.6835611,74.47541416,75.72045171,2.62078857
993,70.9104417,8.88,93.68,7.095257282,4.175589795,Same,11,152,1.650221877,1,54.96798255,51.85473574,54.08411173,51.05796509,3.384174382
994,83.24138997,1.59,80.38,6.727154738,3.79583154,Same,4,68,1.962039363,1,72.46268668,73.43572395,64.71959518,68.66417109,1.429802211
995,68.41235595,6.05,83.69,7.322520655,5.418783303,Same,14,167,3.144338108,1,59.85356433,56.1412114,57.3977956,50.99822157,1.0676512
996,69.24900599,9.56,86.48,6.816746461,3.115660552,Same,14,95,7.485727233,1,45.03701403,38.43690148,43.61263657,47.39472594,4.63825771
997,84.25960219,5.36,76.96,7.933474783,4.374040799,Same,11,19,1.737766523,1,90.45224665,87.3934012,89.17134789,81.29652226,2.078520035
998,71.12043776,1.83,63.26,7.501127157,6.190726158,Declined,10,70,0.665429013,1,47.5250247,47.33984072,46.31753747,41.38280554,4.278708011
999,86.02224349,4.24,69.62,6.557973049,5.174822087,Improved,8,114,0.942836249,1,92.26305446,90.11654334,91.95423346,81.88511441,4.997401202
1000,75.80131563,6.43,92.48,5.778101591,7.429544239,Improved,4,43,0,1,64.53031751,61.06821261,66.9275251,64.09996905,1.845725032
